Nation,Player,player_positions,Final_Overall,pace,shooting,passing,dribbling,defending,physic
Algeria,Riyad Mahrez,"RM, RW",84,78,80,81,88,39,63
Algeria,Mohamed Amine Amoura,"LW, ST",80,82,74,64,76,28,68
Algeria,Amine Gouiri,"ST, LW",79,76,76,70,78,32,68
Algeria,Ramy Bensebaini,"LB, CB, LM",79,73,70,70,77,78,79
Algeria,Houssem Aouar,"CAM, CM",77,66,72,75,82,65,65
Algeria,Nabil Bentaleb,"CDM, CM",77,50,72,77,79,71,73
Algeria,Hicham Boudaoui,"CM, CDM",77,73,67,74,77,74,76
Algeria,Rayan Ait-Nouri,"LB,LM",76,80,60,71,75,68,72
Algeria,Anis Hadj Moussa,"RW, RM",76,80,69,67,84,30,52
Algeria,Aissa Mandi,"CB, RB",75,57,46,71,67,75,73
Algeria,Fares Chaibi,"CAM, LW, CDM, CM",74,69,68,75,76,68,69
Algeria,Ramiz Zerrouki,"CDM, CM",73,72,56,68,66,72,74
Algeria,Fares Ghedjemis,"LW,CAM",72,78,66,67,72,35,62
Algeria,Achref Abada,"RB,CB",72,75,50,65,67,72,75
Algeria,Melvin Masstil,GK,72,47,11,44,44,14,67
Algeria,Ibrahim Maza,"CAM, CM",71,75,66,66,79,40,62
Algeria,Nadhir Benbouali,"LW,RW",71,78,64,66,72,34,62
Algeria,Zinedine Belaid,"CB,CDM",70,66,42,58,56,71,73
Algeria,Oussama Benbot,"LW,CAM",70,76,62,65,70,32,60
Algeria,Mohamed-Amine Tougai,CB,69,68,40,58,55,70,74
Algeria,Adil Boulbina,"CDM,CM",69,65,45,64,60,68,70
Algeria,Jaouen Hadjam,"LB, LM",69,79,54,59,69,65,72
Algeria,Samir Chergui,"CM,CDM",68,64,46,63,60,67,69
Algeria,Yassine Titraoui,"LW, CAM",68,76,66,64,74,30,62
Algeria,Rafik Belghali,"RB, CB, RM",66,81,60,61,66,61,62
Algeria,Luca Zidane,GK,65,44,10,40,40,12,62
Argentina,Lautaro Javier Martínez,ST,88,81,88,75,84,51,83
Argentina,Julián Álvarez,ST,87,85,87,81,87,57,79
Argentina,Alexis Mac Allister,"CM, CDM",87,66,82,85,85,78,76
Argentina,Lionel Andrés Messi Cuccittini,"RW, CAM",86,72,92,92,96,34,66
Argentina,Emiliano Martínez,GK,85,56,13,50,52,13,76
Argentina,Rodrigo De Paul,"CM, CDM",84,78,70,78,78,70,78
Argentina,Enzo Fernández,"CM, CDM",84,76,66,80,80,72,76
Argentina,Exequiel Palacios,"CM, CDM",84,72,60,70,70,68,72
Argentina,Gerónimo Rulli,GK,82,54,12,48,50,12,72
Argentina,Giovani Lo Celso,"CAM, CM, CDM",82,68,81,82,84,68,71
Argentina,Nicolás Otamendi,CB,82,62,40,58,58,84,82
Argentina,Cristian Gabriel Romero,CB,82,66,48,62,65,83,81
Argentina,Leonardo Balerdi,CB,81,72,38,54,56,78,76
Argentina,Nicolás González,"LW, RW",81,82,79,75,81,53,78
Argentina,Lisandro Martínez,CB,81,67,59,75,75,81,80
Argentina,Giuliano Simeone,"RW, LW",81,84,70,64,78,30,68
Argentina,Thiago Almada,"CAM, CM",79,76,66,72,78,44,66
Argentina,Nahuel Molina,"RB, RM",79,82,60,68,72,72,72
Argentina,Juan Musso,GK,79,54,12,48,50,12,74
Argentina,Facundo Medina,CB,79,70,38,54,56,78,78
Argentina,Nicolás Tagliafico,LB,78,74,52,68,70,74,70
Argentina,Leandro Paredes,"CDM, CM",78,60,56,78,72,70,72
Argentina,Gonzalo Montiel,"RB, CB",78,74,52,64,66,72,72
Argentina,Nicolás Paz,"CM, CAM",77,73,71,78,81,58,68
Argentina,Valentín Barco,"LB, LM, CM",75,76,50,75,78,68,61
Argentina,Ezequiel Fernández,CB,74,70,42,58,60,75,76
Australia,Mathew Ryan,GK,78,52,11,48,50,11,70
Australia,Jackson Irvine,"CM, CDM",75,72,60,70,68,68,76
Australia,Cameron Burgess,CB,73,64,36,50,52,74,76
Australia,Harry Souttar,CB,73,62,38,52,52,76,82
Australia,Alessandro Circati,CB,71,59,35,53,49,72,77
Australia,Cameron Devlin,"CM, CDM",71,68,54,66,66,66,70
Australia,Mathew Leckie,"RW, LW",70,82,66,64,74,32,72
Australia,Denis Genreau,"CM,CDM",70,68,52,66,62,64,70
Australia,Aiden O'Neill,"CDM, CM",70,70,52,66,66,70,74
Australia,Paul Izzo,GK,70,48,10,40,42,10,68
Australia,Chris Ikonomidis,"LW,RW",69,77,62,64,68,32,60
Australia,Jordan Bos,LB,69,74,46,60,64,68,68
Australia,Connor Metcalfe,"CM, CDM",69,68,54,66,66,64,70
Australia,Kai Trewin,ST,69,72,70,56,64,28,74
Australia,Nathaniel Atkinson,"RB,RM",68,76,48,62,64,65,68
Australia,Mohamed Toure,"ST, CAM",68,86,65,57,67,33,72
Australia,Nestory Irankunda,"RM, ST, LM, RW",67,88,70,62,70,43,74
Australia,Aziz Behich,LB,67,74,46,60,64,68,68
Australia,Ajdin Hrustic,"CM, CDM",67,50,67,69,70,56,66
Australia,Awer Mabil,"LW, RW",67,84,70,64,78,28,66
Australia,Nishan Velupillay,"RW, LW",65,82,66,60,74,28,64
Australia,Patrick Beach,CB,65,64,36,48,50,70,72
Australia,Jacob Italiano,"CB, LB",64,64,36,50,52,72,72
Australia,Tete Yengi,ST,59,69,57,48,55,37,78
Australia,Lucas Herrington,CB,59,65,32,42,45,57,66
Australia,Paul Okon-Engstler,"CDM, CM",52,64,38,47,52,47,56
Austria,Konrad Laimer,"RB, CDM, CM, RM",82,82,69,76,75,81,76
Austria,David Alaba,"CB, LB",82,70,56,76,76,82,74
Austria,Marcel Sabitzer,"CDM, CM",80,74,80,80,80,76,76
Austria,Xaver Schlager,"CDM, CM",80,69,70,74,78,75,78
Austria,Kevin Danso,CB,79,73,32,57,62,78,83
Austria,Stefan Posch,"RB, RM",79,75,55,68,66,80,74
Austria,Philipp Lienhart,CB,79,67,28,59,64,81,78
Austria,Romano Schmid,"CAM, LW",78,76,66,70,74,44,66
Austria,Patrick Wimmer,"CAM, RW, LM, ST",77,84,69,72,81,49,73
Austria,Marco Friedl,CB,77,75,44,64,69,79,77
Austria,Carney Chukwuemeka,"CM,CAM",77,79,68,74,78,52,72
Austria,Nicolas Seiwald,"CDM, CM, CB",77,72,62,74,74,74,76
Austria,Christoph Baumgartner,"CAM, ST, CM",77,74,72,72,79,47,63
Austria,Marko Arnautović,ST,76,72,74,60,70,32,75
Austria,Phillipp Mwene,"LB, LM",76,78,55,69,75,70,70
Austria,David Affengruber,"CB, LB",75,66,36,52,54,72,72
Austria,Florian Grillitsch,"CM, CB, CDM",75,63,59,74,74,72,66
Austria,Michael Gregoritsch,ST,75,37,77,68,68,42,76
Austria,Sasa Kalajdzic,ST,74,50,72,67,68,45,64
Austria,Alexander Prass,"LB, LM, CM, LW",74,74,65,74,75,69,74
Austria,Alexander Schlager,GK,73,50,11,42,44,11,72
Austria,Patrick Pentz,GK,72,50,11,42,44,11,70
Austria,Paul Wanner,"CM,CAM",72,72,62,70,74,44,64
Austria,Alessandro Schöpf,"CM, LW",68,70,62,68,70,50,68
Austria,Michael Svoboda,CB,68,59,44,52,56,67,80
Austria,Florian Wiegele,GK,67,68,52,62,62,66,68
Belgium,Thibaut Courtois,GK,89,56,14,52,54,14,78
Belgium,Kevin De Bruyne,"CM, CAM",87,66,83,92,84,65,72
Belgium,Youri Tielemans,"CM, CDM, CAM",85,54,79,85,80,75,72
Belgium,Romelu Lukaku,ST,84,76,87,72,74,30,88
Belgium,Leandro Trossard,"LW, ST, LM",83,80,81,80,85,30,60
Belgium,Charles De Ketelaere,"CAM, ST, CM",82,70,79,80,83,56,68
Belgium,Dodi Lukebakio,"RW, LW",82,84,76,68,78,30,70
Belgium,Hans Vanaken,"CAM, CM",80,45,79,84,77,60,78
Belgium,Jeremy Doku,"LW, RW, LM",80,91,71,72,87,32,68
Belgium,Maxim De Cuyper,"LB, RB, LM",80,76,73,80,79,75,75
Belgium,Arthur Theate,"CB, LB",80,76,42,58,62,80,78
Belgium,Alexis Saelemaekers,"RW, RM",79,82,68,66,76,46,70
Belgium,Amadou Onana,"CDM, CM",79,76,58,70,68,76,82
Belgium,Senne Lammens,GK,78,52,11,44,46,11,72
Belgium,Zeno Debast,"CB, RB",78,72,40,58,62,78,76
Belgium,Axel Witsel,"CDM, CM",77,60,56,70,68,74,78
Belgium,Diego Moreira,"LW, RW",77,82,68,64,78,30,64
Belgium,Nicolas Raskin,"CDM, CM",77,70,54,66,66,70,74
Belgium,Thomas Meunier,RB,76,74,58,68,68,68,76
Belgium,Timothy Castagne,"RB, RM",76,68,57,70,72,74,71
Belgium,Brandon Mechele,CB,76,49,40,55,56,80,78
Belgium,Koni De Winter,CB,74,67,40,58,66,75,72
Belgium,Matías Fernández-Pardo,"LW,RW",74,80,66,70,74,38,64
Belgium,Joaquin Seys,"RB, LB, RM",73,81,48,68,70,67,67
Belgium,Mike Penders,GK,73,50,11,42,44,11,70
Belgium,Nathan Ngoy,"CB, RB",69,78,44,49,67,67,75
Bosnia and Herzegovina,Edin Džeko,ST,81,55,82,74,77,40,72
Bosnia and Herzegovina,Ermedin Demirović,ST,80,72,81,73,78,42,78
Bosnia and Herzegovina,Sead Kolašinac,CB,79,61,63,68,69,79,82
Bosnia and Herzegovina,Nikola Vasilj,GK,77,50,11,44,46,11,72
Bosnia and Herzegovina,Amar Dedić,"RB, LB, RM",74,83,60,70,76,66,76
Bosnia and Herzegovina,Petar Stojanović,"RB,RM",73,78,52,66,68,70,72
Bosnia and Herzegovina,Haris Tabakovic,ST,73,60,73,52,65,29,80
Bosnia and Herzegovina,Amir Hadžiahmetović,"CDM, CM",73,65,60,73,72,70,73
Bosnia and Herzegovina,Benjamin Tahirović,"CM,CDM",73,72,54,70,66,66,72
Bosnia and Herzegovina,Ivan Šunjić,"CM,CDM",72,68,50,68,64,67,72
Bosnia and Herzegovina,Amar Memić,"RM, LM, RW",72,81,69,68,73,48,61
Bosnia and Herzegovina,Armin Gigović,"CM, CAM",72,65,61,70,74,60,74
Bosnia and Herzegovina,Denis Hadžikadunić,CB,72,68,40,58,55,72,74
Bosnia and Herzegovina,Dženis Burnić,"LW,CAM",71,76,62,66,70,36,60
Bosnia and Herzegovina,Tarik Muharemović,CB,70,59,23,47,56,73,67
Bosnia and Herzegovina,Amer Šiljak,GK,70,46,12,42,44,12,64
Bosnia and Herzegovina,Nikola Katić,CB,69,51,35,45,53,68,79
Bosnia and Herzegovina,Samed Baždar,"ST, CAM, CM",69,70,66,70,74,40,63
Bosnia and Herzegovina,Kerim Alajbegović,"ST,LW",68,72,63,58,64,32,62
Bosnia and Herzegovina,Adin Junuzović,LB,68,70,44,62,60,66,68
Bosnia and Herzegovina,Martin Zlomislić,RB,68,74,46,62,60,66,68
Bosnia and Herzegovina,Ermin Mahmić,CB,67,65,38,54,52,67,70
Bosnia and Herzegovina,Esmir Bajraktarević,"RW, RM",67,77,54,65,76,40,59
Bosnia and Herzegovina,Nihad Mujakić,CB,67,70,28,42,47,66,77
Bosnia and Herzegovina,Nidal Çelik,CB,64,60,35,49,50,62,71
Bosnia and Herzegovina,Jovo Lukić,ST,64,61,64,47,59,27,69
Brazil,Raphael Dias Belloli,"LM, LW",89,91,84,85,87,53,75
Brazil,Vinicius José Paixão de Oliveira Júnior,"LW, ST, LM",89,95,84,81,91,29,69
Brazil,Alisson Ramsés Becker,GK,89,58,14,52,54,14,76
Brazil,Gabriel Fernando de Jesus Martinelli,"LW, ST",88,87,78,74,84,36,70
Brazil,Gabriel dos Santos Magalhães,CB,88,64,44,64,65,88,84
Brazil,Bruno Guimarães Rodriguez Moura,"CDM, CM",86,68,75,83,84,77,82
Brazil,Ederson Santana de Moraes,GK,85,58,14,62,56,14,72
Brazil,Gleison Bremer Silva Nascimento,CB,85,82,50,58,66,86,80
Brazil,Matheus Santos Carneiro da Cunha,"CAM, LW, ST",83,77,85,79,84,44,75
Brazil,Neymar da Silva Santos Júnior,"LW,CAM",83,82,81,85,87,36,64
Brazil,Neymar,"LW, CAM",83,84,84,84,94,30,62
Brazil,Roger Ibañez da Silva,CB,82,87,32,47,61,83,85
Brazil,Fabinho,"CDM,CM",82,72,62,78,72,82,80
Brazil,Danilo Luiz da Silva,"RB, CB",81,74,56,76,75,82,80
Brazil,Danilo,"CB, CDM",81,74,56,76,75,82,80
Brazil,Weverton Pereira da Silva,GK,80,52,12,48,50,12,72
Brazil,Carlos Henrique Casimiro,"CDM, CM",80,36,74,76,69,80,76
Brazil,Lucas Tolentino Coelho de Lima,"CM, LM, CAM",80,68,78,78,84,69,75
Brazil,Rayan,"LW, ST",78,84,76,68,80,30,68
Brazil,Wesley Andrade de Oliveira,"RW,RM",78,87,72,70,78,40,72
Brazil,Luiz Henrique Tomaz de Lima,"LW, RW",78,85,75,74,79,42,68
Brazil,Alex Sandro,LB,77,74,58,70,74,68,72
Brazil,Douglas Santos,LB,77,78,50,62,66,70,68
Brazil,Leonardo Pereira da Silva,"CDM, CM",77,67,72,57,63,69,78
Brazil,Endrick Felipe Moreira de Sousa,"ST, RW",77,87,77,62,78,30,68
Brazil,Igor Thiago,ST,75,76,74,58,72,28,76
Canada,Alphonso Davies,"LB, LW",84,97,70,76,86,64,72
Canada,Jonathan David,ST,82,84,82,72,80,35,74
Canada,Alistair Johnston,RB,78,76,52,62,66,72,74
Canada,Stephen Eustáquio,"CM, CDM",77,76,62,76,76,72,74
Canada,Cyle Larin,ST,77,76,78,62,70,28,76
Canada,Moise Bombito,CB,76,72,44,60,58,76,78
Canada,Promise David,"ST, LW",75,80,70,60,74,28,70
Canada,Tajon Buchanan,"RW, LW",74,86,68,64,80,28,66
Canada,Richie Laryea,"RB,RM",74,82,55,68,72,68,70
Canada,Derek Cornelius,CB,74,66,38,52,54,76,76
Canada,Dayne St. Clair,GK,73,52,11,44,46,11,74
Canada,Ismaël Koné,"CM, CDM",72,76,62,72,74,70,74
Canada,Liam Millar,"LW, RW",72,82,66,62,76,30,64
Canada,Marcelo Flores,"CAM,LW",72,74,62,68,66,36,60
Canada,Jonathan Osorio,"CM, CAM, CDM",71,50,67,70,72,61,65
Canada,Niko Sigur,"CB, LB",70,68,38,52,54,74,72
Canada,Liam Fraser,"CM,CDM",70,66,50,66,62,64,68
Canada,Tani Oluwaseyi,"ST,LW",70,82,66,60,70,30,66
Canada,Maxime Crépeau,GK,69,52,11,44,46,11,72
Canada,Joel Waterman,CB,68,66,38,50,52,74,76
Canada,Ali Ahmed,"CM, RM, LM, CAM",68,78,58,65,72,61,65
Canada,Mathieu Choinière,"CM, LM, LW",67,60,58,66,66,62,59
Canada,Owen Goodman,GK,67,44,11,40,42,12,62
Canada,Jacob Shaffelburg,LW,67,82,64,60,74,28,64
Canada,Nathan Saliba,GK,65,42,10,38,40,11,60
Canada,Luc de Fougerolles,LB,60,70,42,54,58,66,68
Cape Verde,Logan Costa,CB,77,72,38,54,56,76,76
Cape Verde,Nuno da Costa,"ST, LW",74,72,68,58,66,28,70
Cape Verde,Steven Moreira,"CB, RB",72,73,33,67,71,72,74
Cape Verde,Wagner Pina,"CM, CDM",72,68,52,62,64,64,68
Cape Verde,Ryan Mendes,"LW, RW",71,80,66,62,74,28,64
Cape Verde,Garry Rodrigues,"LW, RW",71,80,66,62,74,28,64
Cape Verde,Telmo Arcanjo,"ST, LW",71,78,70,58,72,28,68
Cape Verde,Jovane Cabral,"LW, RW",70,82,70,66,76,30,66
Cape Verde,Dailon Livramento,"LW, ST",70,80,66,60,74,28,66
Cape Verde,Kevin Pina,"CAM, CM",70,74,64,68,72,40,64
Cape Verde,Kenny Rocha Santos,"CM, CDM",70,68,52,62,64,64,68
Cape Verde,Deroy Duarte,"LW, RW",69,78,62,60,72,28,64
Cape Verde,Jamiro Monteiro,"CM, CAM",69,72,62,68,72,48,66
Cape Verde,Vozinha,GK,68,48,10,40,42,10,68
Cape Verde,Roberto Pico Lopes,GK,68,54,42,51,57,68,75
Cape Verde,Gilson Benchimol,"CM,CDM",68,66,50,64,60,64,68
Cape Verde,Márcio Rosa,"CM,CDM",68,66,48,62,58,62,66
Cape Verde,Laros Duarte,"CM,CAM",67,70,56,64,60,48,62
Cape Verde,Kelvin Pires,"ST,LW",67,74,62,56,62,30,62
Cape Verde,Stopira,"CB, LB",67,64,36,52,54,72,72
Cape Verde,Diney Borges,"CB,LB",67,66,38,55,52,68,70
Cape Verde,Willy Semedo,"LB,CB",66,70,42,56,58,65,67
Cape Verde,Yannick Semedo,"RB,CB",66,70,44,58,60,65,67
Cape Verde,João Paulo Fernandes,CB,66,68,60,68,65,65,64
Cape Verde,Hélio Varela,"CDM,CM",66,64,46,62,58,64,68
Cape Verde,Sidny Cabral,"LW, RW",66,78,64,60,72,28,64
Colombia,Luis Díaz,"LW, RW",85,88,81,76,87,45,75
Colombia,Davinson Sánchez,CB,82,72,40,56,58,82,80
Colombia,James Rodríguez,"CAM,CM",82,70,78,84,80,42,64
Colombia,Daniel Muñoz,RB,81,75,69,72,76,79,81
Colombia,Richard Ríos,"CM, CDM",79,76,60,70,72,68,72
Colombia,Juan Camilo Hernández,"ST, CAM",78,78,78,70,78,32,68
Colombia,Johan Mojica,LB,78,78,48,62,66,68,68
Colombia,Jhon Arias,"RW, LW",78,85,75,74,79,42,68
Colombia,Luis Suárez,"ST, LW",77,83,77,66,74,35,77
Colombia,Jefferson Lerma,"CDM, CM",77,72,58,68,66,74,78
Colombia,Yerry Mina,CB,77,66,42,54,56,80,82
Colombia,Jorge Carrascal,"CM,CAM",77,76,68,74,76,48,66
Colombia,Kevin Castaño,"CDM, CM",77,70,54,64,64,70,72
Colombia,Juan Fernando Quintero,"CAM, LW",77,70,70,74,78,36,60
Colombia,Jhon Lucumí,CB,76,74,40,56,58,80,78
Colombia,Jaminton Campaz,"LW, RW",76,82,66,62,76,28,64
Colombia,David Ospina,GK,76,48,11,44,46,11,68
Colombia,Deiver Machado,LB,76,76,44,58,62,66,66
Colombia,Álvaro Montero,GK,75,50,11,42,44,11,70
Colombia,Santiago Arias,RB,75,76,50,68,70,72,72
Colombia,Camilo Vargas,GK,74,50,13,46,48,12,68
Colombia,Willer Ditta,CB,74,70,42,60,56,74,76
Colombia,Juan Camilo Portilla,"LW, RW",73,80,62,60,72,28,64
Colombia,Carlos Gómez,CB,72,68,40,56,54,72,74
Colombia,Jhon Córdoba,ST,69,76,72,58,66,28,80
Colombia,Gustavo Puerta,"CM, CAM",68,72,60,68,72,50,68
Croatia,Joško Gvardiol,"LB, CB, LM",84,78,71,75,78,84,82
Croatia,Mateo Kovačić,"CM, CDM, CAM",83,67,74,81,83,73,72
Croatia,Luka Modrić,"CM, CAM, CDM",83,68,74,86,86,70,62
Croatia,Ante Budimir,ST,82,59,84,63,76,35,80
Croatia,Ivan Perišić,"RW, LW, RM",81,75,80,81,79,69,75
Croatia,Andrej Kramarić,"CAM, CM",81,67,82,78,84,33,73
Croatia,Mario Pašalić,"CM, CAM",80,69,78,77,81,67,76
Croatia,Dominik Livaković,GK,80,52,12,44,46,12,72
Croatia,Nikola Vlašić,"CAM, LW, RW, CM",79,74,76,76,81,57,70
Croatia,Josip Staniśić,"CB, RB, LB, RM",78,73,44,65,69,79,74
Croatia,Josip Šutalo,CB,78,77,32,62,72,78,80
Croatia,Luka Sučić,"CM, CAM",78,76,76,78,77,68,72
Croatia,Martin Baturina,"CAM, CM",78,77,70,78,83,59,66
Croatia,Dominik Kotarski,GK,77,50,11,42,44,11,70
Croatia,Kristijan Jakić,"CDM, CM, CB",76,72,62,65,68,76,80
Croatia,Petar Musa,ST,76,82,75,61,71,41,81
Croatia,Toni Fruk,"CAM, ST, CM",75,72,73,77,78,53,61
Croatia,Nikola Moro,"CDM, CM",75,66,72,74,73,70,72
Croatia,Duje Ćaleta-Car,CB,74,58,39,55,59,74,76
Croatia,Petar Sučić,"CM, CDM",74,69,68,72,77,61,74
Croatia,Marin Pongračić,CB,74,61,26,52,62,74,76
Croatia,Luka Vušković,CB,72,58,59,57,58,70,77
Croatia,Martin Erlić,CB,72,56,35,46,53,73,72
Croatia,Ivor Pandur,GK,72,50,11,42,44,11,70
Croatia,Igor Matanović,ST,71,68,69,55,67,34,74
Croatia,Marco Pašalić,"RM, RW, CAM",71,76,72,67,75,35,56
Curaçao,Riechedly Bazoer,"CDM, CM",73,72,58,66,68,68,74
Curaçao,Eloy Room,GK,72,50,11,44,46,11,70
Curaçao,Jurgen Locadia,"ST, LW",72,80,74,62,74,28,72
Curaçao,Armando Obispo,CB,71,68,38,54,56,74,76
Curaçao,Leandro Bacuna,"CM, RB",71,72,60,66,68,60,72
Curaçao,Sontje Hansen,"ST, LW",71,78,72,62,72,28,70
Curaçao,Joshua Brenet,RB,71,74,48,60,64,66,68
Curaçao,Tahith Chong,"RW, LW",71,84,68,64,78,30,68
Curaçao,Kenji Gorré,"LW, RW",70,82,64,62,76,28,62
Curaçao,Gervane Kastaneer,"LW, RW",69,82,66,60,74,28,64
Curaçao,Juninho Bacuna,"CM, CAM",69,72,66,70,72,52,70
Curaçao,Shurandy Sambo,"CB, LB",68,66,36,50,52,70,72
Curaçao,Jurien Gaari,CB,68,62,34,48,50,68,70
Curaçao,Brandley Kuwas,"LW, RW",67,82,66,60,74,28,66
Curaçao,Tyrese Noslin,"RM, RB, LM, RW",66,81,54,59,65,59,67
Curaçao,Jeremy Antonisse,"CM,CDM",66,66,48,62,58,62,66
Curaçao,Sherel Floranus,"LB, LW",66,78,50,60,66,62,64
Curaçao,Kevin Felida,"LW,LM",65,74,58,62,62,32,58
Curaçao,Roshon van Eijma,"CB,LB",65,68,40,54,52,65,67
Curaçao,Deveron Fonville,"ST,LW",65,74,60,54,60,28,62
Curaçao,Rangelo Janga,"ST,LW",65,74,60,54,58,28,60
Curaçao,Ar'jany Martha,"CB, RB",64,64,36,50,52,70,72
Curaçao,Godfried Roemeratoe,"RB,CB",64,70,42,56,54,64,66
Curaçao,Regillio Simons,"LB,LW",64,70,42,56,54,62,64
Curaçao,Livano Comenencia,"RB, CB, CDM, RM",62,74,43,55,61,57,61
Curaçao,Tyrick Bodak,GK,60,80,62,58,72,28,64
Czech Republic,Patrik Schick,ST,85,72,83,71,81,38,77
Czech Republic,Ladislav Krejčí,"CB, CDM",78,72,68,68,69,76,84
Czech Republic,Lukáš Provod,"CAM, CM, LM",78,76,75,78,78,64,82
Czech Republic,Tomáš Souček,"CDM, CM",78,45,72,71,68,78,82
Czech Republic,Adam Hložek,"ST, RM, CAM, RW",77,78,78,72,77,31,79
Czech Republic,Pavel Šulc,"CAM, LM, RM, CM",77,71,73,74,77,39,64
Czech Republic,Jindřich Staněk,GK,76,52,10,43,46,11,73
Czech Republic,Michal Sadílek,"CDM, CM",76,53,58,75,71,72,79
Czech Republic,Tomáš Holeš,"CB, CDM",76,74,58,69,69,75,80
Czech Republic,Matej Kovář,GK,75,51,12,45,48,12,68
Czech Republic,Tomáš Chorý,ST,75,57,75,60,64,32,88
Czech Republic,David Douděra,"RM, RB, RW",74,89,66,65,72,65,67
Czech Republic,Mojmír Chytil,ST,74,73,72,55,68,29,81
Czech Republic,David Zima,CB,74,76,38,54,62,75,75
Czech Republic,Lukáš Červ,"CDM, CM",74,69,65,67,69,71,78
Czech Republic,Vladimír Coufal,"RB, RM",73,58,56,70,70,74,71
Czech Republic,Lukáš Horníček,GK,73,48,10,40,42,10,68
Czech Republic,David Jurásek,"LB, LM",73,83,61,68,72,67,74
Czech Republic,Jan Kuchta,"ST, RW, LW",73,77,71,64,71,34,80
Czech Republic,Vladimír Darida,"CM,CAM",72,72,62,70,68,50,62
Czech Republic,Jaroslav Zelený,"CB, LB, LM",72,74,62,69,70,71,75
Czech Republic,Robin Hranáč,CB,71,75,38,51,52,70,76
Czech Republic,Štěpán Chaloupek,CB,70,69,34,52,57,68,76
Czech Republic,Denis Višinský,"LW, CAM, RW, LM",68,76,61,65,69,47,59
Czech Republic,Alexandr Šojka,"CM,CDM",68,64,46,62,58,64,68
Czech Republic,Hugo Sochůrek,GK,65,44,10,38,40,11,60
Democratic Republic of the Congo,Yoane Wissa,ST,82,85,82,70,80,31,71
Democratic Republic of the Congo,Simon Banza,"ST, LW",81,80,74,60,70,28,72
Democratic Republic of the Congo,Aaron Wan-Bissaka,"RB, RM",80,80,51,69,77,78,73
Democratic Republic of the Congo,Cédric Bakambu,ST,77,78,78,68,72,40,68
Democratic Republic of the Congo,Chancel Mbemba,CB,75,70,40,54,56,78,80
Democratic Republic of the Congo,Ngal'ayel Mukau,"CDM, CM",74,69,57,65,71,70,75
Democratic Republic of the Congo,Gael Kakuta,"CM,LW",74,78,68,72,76,44,64
Democratic Republic of the Congo,Noah Sadiki,"CB, CDM",74,70,38,56,58,74,74
Democratic Republic of the Congo,Joris Kayembe,"RW, LW",74,80,64,62,72,28,66
Democratic Republic of the Congo,Arthur Masuaku,"LB,LM",73,76,52,68,70,66,68
Democratic Republic of the Congo,Axel Tuanzebe,"RB, CB",73,76,36,64,68,73,75
Democratic Republic of the Congo,Fiston Mayele,ST,72,74,68,58,62,30,66
Democratic Republic of the Congo,Theo Bongonda,"LW,RW",72,80,64,66,72,30,60
Democratic Republic of the Congo,Timothy Fayulu,GK,72,48,12,44,46,12,66
Democratic Republic of the Congo,Samuel Moutoussamy,"CM,CDM",71,68,52,66,62,64,70
Democratic Republic of the Congo,Dylan Batubinsika,CB,71,72,38,54,56,76,76
Democratic Republic of the Congo,Steve Kapuadi,CB,71,65,33,45,50,70,83
Democratic Republic of the Congo,Meschak Elia,"LW,ST",71,82,66,64,70,32,60
Democratic Republic of the Congo,Lionel Mpasi,"LW, RW",71,72,68,67,70,35,69
Democratic Republic of the Congo,Edo Kayembe,"CM, LW",71,76,60,66,68,50,66
Democratic Republic of the Congo,Gedeon Kalulu,"RW,LW",71,80,64,64,70,30,60
Democratic Republic of the Congo,Charles Pickel,"CDM, CM",71,68,52,64,64,68,72
Democratic Republic of the Congo,Nathanael Mbuku,"RM, ST, RW",70,73,63,68,74,35,53
Democratic Republic of the Congo,Matthieu Epolo,GK,70,46,11,42,44,12,64
Democratic Republic of the Congo,Aaron Tshibola,"CDM,CM",70,68,50,65,62,66,72
Democratic Republic of the Congo,Brian Cipenga,LB,66,70,42,56,58,66,66
Ecuador,Moisés Caicedo,"CDM, CM",87,82,66,78,78,80,80
Ecuador,Willian Pacho,CB,86,74,40,56,58,80,78
Ecuador,Piero Hincapié,"CB, LB",83,80,44,60,66,80,78
Ecuador,Pervis Estupiñán,LB,79,86,58,70,76,72,72
Ecuador,Felix Torres,CB,77,72,44,62,58,77,78
Ecuador,Joel Ordóñez,CB,75,72,38,54,56,76,76
Ecuador,Ángelo Preciado,RB,75,78,52,62,66,70,72
Ecuador,Hernán Galíndez,GK,74,48,11,42,44,11,70
Ecuador,Gonzalo Plata,"RW,LW",74,84,68,68,74,34,62
Ecuador,Kendry Páez,"CAM, CM",73,76,68,74,80,40,62
Ecuador,Alexander Domínguez,GK,73,48,12,44,46,13,67
Ecuador,Jeremy Sarmiento,"LW,CAM",72,78,62,68,68,34,58
Ecuador,Alan Franco,"CM,CDM",72,68,50,66,62,66,70
Ecuador,Jackson Porozo,CB,72,70,42,58,56,72,74
Ecuador,Kevin Rodríguez,"RW, LW",72,83,67,61,74,33,69
Ecuador,John Yeboah,"RW, LW",70,82,68,62,76,28,66
Ecuador,Alan Minda,"LW, ST",70,80,68,60,72,28,66
Ecuador,Jeremy Arevalo,"CM,CDM",70,68,52,66,62,64,70
Ecuador,Yaimar Medina,RB,70,76,48,60,62,68,68
Ecuador,Gonzalo Valle,CB,70,64,36,50,52,72,72
Ecuador,Jordy Alcívar,"CM, CDM",68,70,56,68,68,66,68
Ecuador,Nilson Angulo,"LW, LB",67,80,62,64,72,56,66
Ecuador,Anthony Valencia,"RW, ST",67,84,72,62,76,30,72
Ecuador,Denil Castillo,LB,67,76,46,60,64,68,68
Ecuador,Moisés Ramírez,GK,67,44,11,40,42,11,61
Ecuador,Jordy Caicedo,ST,66,72,72,54,64,28,74
Egypt,Mohamed Salah,"RW, ST",91,90,89,82,90,46,74
Egypt,Omar Marmoush,"ST, LW",84,84,82,74,82,32,72
Egypt,Mohamed El Shenawy,GK,79,50,11,44,46,11,72
Egypt,Ahmed Sayed Zizo,"CAM, LW",78,76,66,68,74,34,64
Egypt,Emam Ashour,"CM, CDM",76,70,58,68,68,66,70
Egypt,Mahmoud Hassan Trezeguet,"RW, CAM",76,84,72,68,78,32,68
Egypt,Mostafa Mohamed,ST,76,74,74,62,66,34,72
Egypt,Ahmed Fattouh,RB,75,72,46,58,62,66,68
Egypt,Hamdy Fathy,"RW, LW",75,78,66,64,74,30,66
Egypt,Ahmed Hegazi,CB,74,68,42,58,56,74,78
Egypt,Ibrahim Adel,"RW, LW",74,82,70,64,76,30,64
Egypt,Mohamed Abdelmonem,CB,74,62,40,63,61,74,74
Egypt,Yasser Ibrahim,CB,73,64,36,50,52,72,72
Egypt,Mohamed Hany,"CB, LB",73,68,38,52,54,74,74
Egypt,Marwan Hamdy,"ST,LW",72,76,68,62,66,32,64
Egypt,Ramadan Sobhi,"CM,CAM",72,76,64,70,72,40,62
Egypt,Karim Hafez,CB,72,62,34,48,50,70,72
Egypt,Mohannad Lasheen,ST,70,72,66,58,62,30,64
Egypt,Nabil Emad,"CDM,CM",70,66,48,64,60,66,70
Egypt,Hamza Abdel-Karim,"LB,CB",70,70,44,60,56,68,70
Egypt,Ali Gabr,CB,70,66,38,54,52,70,74
Egypt,El-Mahdi Soliman,"CDM,CM",69,64,44,62,58,64,70
Egypt,Marwan Attia,GK,68,44,11,40,42,12,62
Egypt,Mahmoud Saber,RB,68,72,46,60,60,64,66
Egypt,Mohamed Alaa,"RB,CB",68,70,44,58,58,65,66
Egypt,Rami Rabia,GK,67,50,11,42,44,11,70
England,Jude Victor William Bellingham,"CAM, CM",90,80,86,83,90,78,85
England,Harry Kane,"ST, CF",89,68,91,84,82,42,82
England,Bukayo Saka,"RW, RM",88,84,82,85,88,60,73
England,Declan Rice,"CDM, CM",87,72,73,84,80,83,83
England,Ollie Watkins,"ST, LW",84,82,80,70,74,32,74
England,Jordan Pickford,GK,84,54,12,48,50,12,72
England,Anthony Gordon,"LW, RW",83,84,72,68,78,34,68
England,Eberechi Eze,"CAM, CM",83,78,76,74,80,34,66
England,Ezri Konsa,"CB, RB",82,76,40,56,58,78,78
England,Morgan Rogers,"CAM, LW",82,78,68,68,76,40,68
England,Marc Guéhi,CB,82,75,40,64,71,83,79
England,John Stones,"CB, RB",82,64,58,74,75,84,72
England,Reece James,RB,81,76,71,82,77,81,81
England,Ivan Toney,ST,81,66,78,64,66,32,82
England,Dean Henderson,GK,81,54,11,44,46,11,72
England,Tino Livramento,RB,80,80,52,62,68,70,70
England,Marcus Rashford,"LM, LW, ST",80,87,82,77,80,33,63
England,Noni Madueke,"RW, LW",80,84,72,66,78,30,66
England,Elliot Anderson,"CM, CDM",80,72,60,68,68,64,72
England,Dan Burn,"CB, LB",79,60,36,52,52,74,82
England,Jordan Henderson,"CM, CDM",79,66,60,74,68,70,74
England,Djed Spence,"RB, RM",78,82,50,60,66,68,70
England,Kobbie Mainoo,"CM, CDM",77,68,69,74,81,73,74
England,James Trafford,GK,76,52,11,44,46,11,72
England,Jarell Quansah,CB,75,72,38,54,56,76,76
England,Nico O'Reilly,"LB, CM, CAM",73,73,66,72,73,69,70
France,Kylian Mbappé,"ST, LW",91,96,92,84,92,44,78
France,Ousmane Dembélé,"RW, LW",90,92,80,78,86,36,68
France,Jules Koundé,"CB, RB",87,82,56,70,74,84,78
France,William Saliba,CB,87,76,42,64,64,87,82
France,Mike Maignan,GK,87,58,13,50,52,13,76
France,Ibrahima Konaté,CB,86,77,34,63,69,86,85
France,Dayot Upamecano,CB,86,78,45,69,71,86,86
France,Michael Olise,"RW, CAM",86,82,80,78,84,34,68
France,Désiré Doué,"RW, LW, CM, RM",85,83,80,77,90,55,74
France,Adrien Rabiot,"CM, CDM",85,74,76,81,81,79,83
France,Marcus Thuram,"ST, LW",85,86,83,76,82,50,80
France,N'Golo Kanté,"CDM, CM",85,77,65,73,80,85,79
France,Aurélien Tchouaméni,"CDM, CB",84,74,56,72,72,82,82
France,Théo Hernandez,LB,84,90,68,72,78,66,76
France,Bradley Barcola,"LW, RW, LM",84,90,77,78,84,39,66
France,Jean-Philippe Mateta,ST,82,75,84,70,77,41,81
France,Lucas Hernández,"LB, CB",81,81,63,75,74,80,79
France,Rayan Cherki,"CAM, LW",81,78,74,76,82,36,62
France,Brice Samba,GK,80,52,12,44,46,12,74
France,Manu Koné,"CM, CDM",80,80,69,76,81,76,79
France,Maghnes Akliouche,"RM, CAM, RW",80,74,70,78,83,48,62
France,Warren Zaïre-Emery,"CM, CDM, CAM",80,79,68,76,79,75,79
France,Lucas Digne,"LB, LM",80,69,68,79,76,77,74
France,Maxence Lacroix,CB,79,72,38,54,56,78,78
France,Malo Gusto,"RB, RM",79,84,45,75,78,73,74
France,Robin Risser,GK,72,46,10,38,40,10,66
Germany,Florian Wirtz,"CAM, CM",89,76,80,84,88,40,66
Germany,Joshua Kimmich,"CDM, RB",89,72,60,88,82,82,74
Germany,Jamal Musiala,"CAM, LM, CM, ST",88,80,82,80,90,66,65
Germany,Jonathan Tah,CB,87,74,42,60,62,84,82
Germany,Antonio Rüdiger,CB,86,79,55,72,70,84,86
Germany,Nico Schlotterbeck,CB,85,74,40,60,62,82,80
Germany,Manuel Neuer,GK,84,58,14,56,58,14,76
Germany,Angelo Stiller,"CDM, CM",83,56,58,83,84,76,71
Germany,Oliver Baumann,GK,83,52,11,46,48,11,72
Germany,David Raum,"LB, LM",82,86,61,80,79,74,78
Germany,Felix Nmecha,"CM, CDM",82,76,62,72,72,68,78
Germany,Kai Havertz,"CAM, ST",82,78,80,80,82,56,78
Germany,Leroy Sané,"RW, LW",82,90,80,80,86,36,70
Germany,Waldemar Anton,CB,82,69,47,67,66,84,84
Germany,Leon Goretzka,"CM, CDM",82,72,72,76,74,74,86
Germany,Alexander Nübel,GK,81,52,11,44,46,11,72
Germany,Nadiem Amiri,"CM, CAM",81,65,79,82,82,62,72
Germany,Deniz Undav,"ST, CAM",80,66,82,74,80,33,77
Germany,Pascal Groß,"CDM, CM",80,48,75,84,79,72,76
Germany,Aleksandar Pavlović,"CDM, CM",79,62,64,79,78,76,71
Germany,Maximilian Beier,"ST, RM, LM, RW",79,86,79,68,80,43,62
Germany,Nick Woltemade,"ST, CAM",79,67,78,65,79,41,74
Germany,Malick Thiaw,CB,78,76,40,58,60,80,80
Germany,Nathaniel Brown,"LB, LM",77,83,53,71,77,71,51
Germany,Jamie Leweling,"RM, RW, LM",75,83,71,65,78,46,72
Germany,Lennart Karl,"CAM, RM, CM",63,69,58,60,69,34,37
Ghana,Iñaki Williams,"ST, LW",83,86,72,64,76,32,74
Ghana,Thomas Partey,"CDM, CM",83,78,64,74,72,80,82
Ghana,Antoine Semenyo,"LW, RW",80,84,72,64,76,28,70
Ghana,Abdul Mumin,CB,77,66,36,50,52,72,72
Ghana,Baba Abdul Rahman,LB,76,78,46,60,64,68,68
Ghana,Abdul Fatawu Issahaku,"RW, LW",76,84,70,62,76,28,64
Ghana,Kamaldeen Sulemana,"LW,RW",75,86,66,68,74,34,62
Ghana,Ernest Nuamah,"LW, RW",75,84,68,60,76,28,68
Ghana,Mohammed Salisu,CB,74,70,42,58,56,74,76
Ghana,Lawrence Ati-Zigi,GK,74,50,12,44,46,12,68
Ghana,Alidu Seidu,"CB, RB, RM",74,61,43,61,70,75,67
Ghana,Gideon Mensah,"LB, LM",74,76,57,65,72,68,67
Ghana,Elisha Owusu,"CDM, CM",73,55,54,68,70,70,70
Ghana,Jordan Ayew,"ST, LW",73,78,70,64,72,34,72
Ghana,Jerome Opoku,"CB, LB",72,68,36,50,52,72,72
Ghana,Christopher Bonsu Baah,"LW,RW",71,80,64,66,70,32,60
Ghana,Prince Kwabena Adu,ST,70,73,69,57,67,26,66
Ghana,Jonas Adjetey,RB,70,70,44,56,60,66,66
Ghana,Derrick Luckassen,CB,70,68,40,54,52,70,74
Ghana,Brandon Thomas-Asante,ST,69,74,70,58,64,28,72
Ghana,Augustine Boakye,"RW, RM",69,86,61,59,73,26,57
Ghana,Yaw Yeboah,"RW,LW",69,78,60,64,68,32,58
Ghana,Kwasi Sibo,"CDM, CM, CB",69,63,54,58,65,67,79
Ghana,Kojo Oppong,"LW,RW",68,76,60,62,66,30,58
Ghana,Caleb Yirenkyi,GK,67,48,10,40,42,10,68
Ghana,Joseph Anang,GK,67,48,10,40,42,10,68
Haiti,Jean-Ricner Bellegarde,"CAM, CM",75,78,63,72,78,70,72
Haiti,Frantzdy Pierrot,ST,72,65,72,56,62,32,82
Haiti,Ricardo Ade,CB,72,71,36,58,57,71,77
Haiti,Jean-Kevin Duverne,"LB, RB, CB, LM",71,60,38,62,67,72,73
Haiti,Carlens Arcus,"CB, LB",71,62,34,48,50,68,70
Haiti,Danley Jean Jacques,"CM, CDM",70,69,56,66,70,67,74
Haiti,Johny Placide,GK,69,44,10,38,40,10,66
Haiti,Wilson Isidor,"ST,LW",67,78,64,58,64,30,62
Haiti,Duckens Nazon,"ST,LW",66,76,62,56,62,28,60
Haiti,Derrick Etienne Jr.,"RW, LW",66,80,62,60,74,28,64
Haiti,Hannes Delcroix,"CB,LB",66,66,38,54,52,66,68
Haiti,Louicius Deedson,CB,65,60,32,46,48,66,70
Haiti,Carl Fred Sainté,CB,65,64,38,52,50,64,67
Haiti,Josué Casimir,"CDM,CM",65,62,46,60,56,62,66
Haiti,Josué Duverger,"LB,LM",64,68,42,58,56,62,64
Haiti,Keeto Thermoncy,GK,64,42,10,38,40,11,58
Haiti,Ruben Providence,"RW,LW",63,72,56,58,60,28,56
Haiti,Dominique Simon,"CM,CDM",63,62,44,58,54,60,62
Haiti,Yassin Fortuné,"CM,CDM",63,64,46,60,56,60,64
Haiti,Alexandre Pierre,"CM,CDM",63,62,44,58,54,60,64
Haiti,Duke Lacroix,"CM,CAM",63,68,52,62,58,44,62
Haiti,Woodensky Pierre,"RB,CB",62,66,40,52,50,62,64
Haiti,Martin Experience,"LB, LM",62,68,36,53,59,58,64
Haiti,Lenny Joseph,GK,62,40,10,36,38,10,56
Haiti,Leverton Pierre,CB,62,62,36,50,48,62,66
Haiti,Wilguens Paugain,"RB, RM",55,62,34,42,50,54,63
Iran,Mehdi Taremi,ST,78,74,78,74,78,38,68
Iran,Alireza Beiranvand,GK,74,48,10,40,42,10,72
Iran,Alireza Jahanbakhsh,"RW, LW",74,82,70,68,76,32,68
Iran,Ali Gholizadeh,"LW, RW",73,84,66,62,76,28,64
Iran,Hossein Kanaani,RB,73,68,44,56,58,64,66
Iran,Ramin Rezaeian,RB,73,70,46,58,62,64,68
Iran,Mehdi Ghayedi,"CAM, LW",73,74,64,66,72,36,62
Iran,Saeid Ezatolahi,"CDM, CM",73,70,54,66,66,70,72
Iran,Shoja Khalilzadeh,CB,72,62,34,48,50,68,72
Iran,Mohammad Mohebi,"CM, CDM",72,66,50,60,62,62,66
Iran,Saman Ghoddos,"CAM, CM",72,72,64,68,72,42,64
Iran,Mehdi Torabi,"LW, CAM",72,76,66,66,72,34,62
Iran,Ehsan Hajsafi,"LB, LW",72,72,52,64,66,66,66
Iran,Milad Mohammadi,LB,72,70,44,58,62,66,66
Iran,Aria Yousefi,"LW,RW",71,78,64,66,70,34,60
Iran,Roozbeh Cheshmi,"CM, CDM",71,66,52,60,62,64,68
Iran,Omid Noorafkan,"LB, LW",71,74,50,60,64,64,64
Iran,Allahyar Sayyadmanesh,"ST, LW",71,80,70,60,72,28,68
Iran,Majid Hosseini,CB,71,64,36,50,52,72,74
Iran,Dennis Eckert Aogo,"LW,RW",70,76,60,64,68,34,60
Iran,Ali Nemati,CB,70,66,38,56,54,70,72
Iran,Seyed Hossein Hosseini,GK,70,46,11,42,44,12,64
Iran,Amirhossein Hosseinzadeh,"CM,CAM",69,70,58,66,64,46,62
Iran,Mohammad Ghorbani,GK,68,44,10,40,42,11,62
Iran,Shahriar Moghanlou,"CDM,CM",68,64,46,62,58,64,68
Iran,Amirmohammad Razzaghpour,"RB,CB",68,70,44,58,56,66,68
Iraq,Mohanad Ali,"LW, ST",72,76,73,61,71,32,74
Iraq,Ali Jassim,"CAM, LW",70,84,65,68,74,35,60
Iraq,Zidane Iqbal,"CDM, CM, CB",68,64,60,64,73,63,62
Iraq,Ibrahim Bayesh,GK,68,46,10,38,40,10,66
Iraq,Merchas Doski,"LB, LM",68,75,54,65,71,62,62
Iraq,Ali Al-Hamadi,ST,68,78,69,58,68,28,72
Iraq,Amir Al-Ammari,"CM, CDM",67,69,61,68,69,64,71
Iraq,Aimar Sher,"CM, CDM",67,60,48,58,60,60,64
Iraq,Aymen Hussein,"ST,LW",67,72,62,58,62,28,60
Iraq,Akam Hashim,"CDM,CM",66,64,46,62,58,64,68
Iraq,Marko Farji,"CM, CAM",66,62,52,60,62,50,62
Iraq,Jalal Hassan,CB,66,64,38,52,50,66,68
Iraq,Kevin Yakob,"RB, CB",66,62,34,48,50,66,66
Iraq,Ali Yousef,"CAM,CM",66,66,56,64,60,46,60
Iraq,Ahmed Yahya,"CM,CDM",65,62,44,60,56,62,66
Iraq,Hussein Ali,CB,65,64,38,52,50,65,67
Iraq,Frans Putros,"CM,CAM",65,66,54,62,58,44,60
Iraq,Mustafa Saadoon,"LW,CAM",65,70,58,60,60,32,58
Iraq,Hussain Ali,CB,65,64,38,52,50,65,67
Iraq,Fahad Talib,GK,65,42,10,38,40,11,59
Iraq,Youssef Amyn,"CB,CDM",65,64,40,54,52,64,66
Iraq,Zaid Tahseen,"CB,LB",64,64,38,50,48,64,66
Iraq,Ahmed Basil,"CM,CDM",64,62,44,58,54,60,64
Iraq,Rebin Sulaka,GK,64,40,10,36,38,10,58
Iraq,Manaf Younis,RB,64,70,42,54,54,62,64
Iraq,Ahmad Yasin,"LB,CB",63,66,40,52,50,62,64
Ivory Coast,Evan Ndicka,"CB, LB",81,74,40,58,62,80,78
Ivory Coast,Wilfried Singo,RB,80,84,56,64,70,70,74
Ivory Coast,Ousmane Diomandé,CB,80,80,26,51,70,79,86
Ivory Coast,Amad Diallo,"RW, LW",80,86,74,75,84,42,63
Ivory Coast,Franck Kessié,"CDM, CM",80,74,66,72,72,78,86
Ivory Coast,Nicolas Pépé,"RM, ST, RW",80,88,77,76,82,36,67
Ivory Coast,Odilon Kossounou,CB,80,76,38,54,58,80,78
Ivory Coast,Séko Fofana,"CDM, CM",79,78,74,77,80,74,83
Ivory Coast,Evann Guessand,"RM, RW, ST",79,83,76,73,79,36,77
Ivory Coast,Emmanuel Agbadou,CB,79,68,38,52,54,76,78
Ivory Coast,Guéla Doué,"RB, CB, RM",77,72,47,70,72,74,78
Ivory Coast,Ibrahim Sangaré,"CDM, CM",77,58,65,72,71,77,79
Ivory Coast,Yahia Fofana,GK,76,52,11,44,46,11,72
Ivory Coast,Simon Adingra,"RM, LM, RW",76,87,70,70,80,30,52
Ivory Coast,Alban Lafont,GK,75,52,11,44,46,11,72
Ivory Coast,Christopher Operi,CB,74,66,36,50,52,72,74
Ivory Coast,Ange-Yoan Bonny,"ST,LW",74,78,70,64,68,32,68
Ivory Coast,Elye Wahi,ST,73,76,70,60,66,30,66
Ivory Coast,Ghislain Konan,LB,72,76,46,60,64,66,68
Ivory Coast,Jean-Philippe Krasso,"ST,LW",72,74,66,60,64,30,68
Ivory Coast,Parfait Guiagon,"LM, RM, LW",72,72,67,66,77,26,58
Ivory Coast,Oumar Diakité,ST,72,82,71,57,70,21,71
Ivory Coast,Bazoumana Touré,"LM, LW, CAM",70,91,59,62,71,28,51
Ivory Coast,Mohamed Koné,GK,68,74,38,54,56,78,76
Ivory Coast,Yan Diomandé,"LM, RM, ST, LW",66,71,61,62,64,25,49
Ivory Coast,Christ Inao Oulai,"ST, LW",64,78,70,60,72,28,70
Japan,Takefusa Kubo,"RM, RW",82,86,77,78,85,40,64
Japan,Ritsu Doan,"RM, CAM, RB",82,82,71,78,85,41,64
Japan,Takehiro Tomiyasu,"RB,CB",79,78,56,72,70,76,76
Japan,Daizen Maeda,"LW, ST, RW, LM",79,92,79,70,76,65,79
Japan,Wataru Endo,"CDM, CM",79,58,68,71,77,79,73
Japan,Kaishu Sano,"CDM, CM",79,79,51,67,76,78,75
Japan,Hiroki Ito,"CB, LB, LM",78,74,57,71,72,80,72
Japan,Ko Itakura,"CB, CDM",77,75,59,61,74,77,76
Japan,Junya Ito,"RM, RW",77,86,69,72,78,58,70
Japan,Daichi Kamada,"CM, CAM",77,71,72,77,78,64,66
Japan,Keito Nakamura,"LM, LW",76,79,74,71,77,41,74
Japan,Ao Tanaka,"CDM, CM",76,70,68,72,77,73,71
Japan,Tsuyoshi Watanabe,CB,75,76,39,52,59,76,78
Japan,Ayase Ueda,ST,74,74,75,58,69,28,69
Japan,Zion Suzuki,GK,74,56,12,46,48,12,74
Japan,Yukinari Sugawara,"RB, RM",74,75,54,73,72,69,70
Japan,Yuto Nagatomo,"LB,LM",72,72,44,64,62,66,68
Japan,Yuito Suzuki,"CAM, ST",71,83,68,65,74,48,57
Japan,Shogo Taniguchi,CB,69,58,45,59,57,70,72
Japan,Ayumu Seko,"CB, CDM",69,64,36,57,59,69,74
Japan,Koki Ogawa,ST,68,51,69,57,65,29,67
Japan,Keisuke Osako,ST,68,68,62,56,58,32,66
Japan,Tomoki Hayakawa,GK,68,44,11,40,42,11,62
Japan,Junnosuke Suzuki,"CB, CDM",66,73,44,59,59,66,65
Japan,Kento Shiogai,ST,66,84,65,55,66,21,57
Japan,Keisuke Goto,ST,57,53,58,43,51,29,65
Jordan,Mousa Al-Tamari,"LW, RW",77,78,64,62,72,30,64
Jordan,Yazan Al Arab,CB,75,79,29,46,52,73,83
Jordan,Ali Olwan,"CM, CDM",71,62,48,58,60,60,66
Jordan,Ehsan Haddad,CB,70,66,38,54,52,70,72
Jordan,Hussam Abu Dhahab,"LB,CB",68,68,42,56,54,66,68
Jordan,Abdallah Nasib,CB,68,64,38,52,50,68,70
Jordan,Odeh Fakhoury,"ST,LW",68,72,62,60,62,30,60
Jordan,Mohammad Abu Zraiq,"CM,CDM",68,64,46,62,58,62,66
Jordan,Amer Jamous,"CB,CDM",68,64,40,54,52,66,70
Jordan,Amer Shafi,GK,67,44,11,40,42,11,61
Jordan,Mohammad Abu Hashish,RB,67,70,44,56,56,64,66
Jordan,Mahmoud Mardahi,"CDM,CM",67,62,44,60,56,64,68
Jordan,Noor Al-Rawabdeh,"CM,CAM",67,66,56,62,60,42,60
Jordan,Saed Al-Rosan,"LW,LM",66,72,58,60,60,30,56
Jordan,Nour Bani Attiah,LB,66,68,42,56,54,64,66
Jordan,Nizar Al-Rashdan,"ST,LW",66,70,60,58,60,28,60
Jordan,Mohammad Abu Alnadi,"CM,CAM",66,64,52,60,56,44,60
Jordan,Salem Obaid,"RB,CB",66,68,42,54,54,62,64
Jordan,Mohammad Al-Dawoud,CB,66,62,36,50,48,66,68
Jordan,Mohannad Abu Taha,"CM,CDM",65,62,44,60,54,62,66
Jordan,Abdallah Al-Fakhouri,"CM,CAM",65,64,52,60,56,44,58
Jordan,Anas Badawi,"RW,LW",65,70,56,58,58,30,56
Jordan,Rajaei Ayed,"RB,CB",65,68,40,52,50,62,64
Jordan,Yazeed Abulaila,GK,65,42,10,38,40,10,59
Jordan,Yazid Abulaila,GK,65,42,10,38,40,10,59
Jordan,Ibrahim Sabra,ST,61,91,60,41,56,22,56
Mexico,Julián Quiñones,"LW, ST",80,84,74,64,80,28,68
Mexico,Santiago Giménez,ST,79,79,84,68,78,32,76
Mexico,Edson Álvarez,"CDM, CB",78,67,52,74,70,82,84
Mexico,Roberto Alvarado,"CAM, CM",78,76,70,68,76,36,65
Mexico,Alexis Vega,"LW, CAM",78,80,72,68,80,35,64
Mexico,Orbelin Pineda,"CAM, CM",77,74,66,72,76,40,64
Mexico,Raúl Jiménez,ST,77,74,80,70,76,35,78
Mexico,Álvaro Fidalgo,"CM, CAM",77,68,62,72,72,56,68
Mexico,Luis Chávez,"LB, CDM",76,76,62,66,68,72,74
Mexico,Johan Vásquez,CB,75,72,40,54,56,78,74
Mexico,Israel Reyes,CB,75,64,36,50,52,74,76
Mexico,Luis Romo,"CM, CDM",75,70,60,70,68,70,74
Mexico,César Montes,CB,75,64,38,52,54,80,82
Mexico,Jesús Gallardo,LB,75,82,52,64,70,72,70
Mexico,Guillermo Ochoa,GK,74,52,12,46,50,12,70
Mexico,Carlos Acevedo,GK,74,48,10,42,44,11,72
Mexico,Armando González,CB,74,62,34,50,52,72,74
Mexico,Gilberto Mora,"LB, RB",73,72,46,58,62,68,68
Mexico,Jorge Sánchez,RB,73,79,52,58,64,72,72
Mexico,Erik Lira,"CDM, CM",73,68,55,68,68,72,73
Mexico,César Huerta,"LW, ST",73,82,72,60,78,28,62
Mexico,Guillermo Martínez,"ST, LW",73,82,72,60,76,28,70
Mexico,Mateo Chávez,"CM, CDM",72,68,54,65,67,65,70
Mexico,Raúl Rangel,GK,72,46,11,42,44,11,68
Mexico,Brian Gutiérrez,"CAM, CM",72,74,65,68,76,38,64
Mexico,Obed Vargas,"CDM, CM",69,66,50,66,67,68,72
Morocco,Achraf Hakimi,"RB, RM",89,94,74,78,84,72,74
Morocco,Brahim Díaz,"CAM, LW",82,80,76,76,84,32,62
Morocco,Yassine Bounou,GK,82,56,12,48,50,12,72
Morocco,Nayef Aguerd,CB,81,72,50,67,65,82,77
Morocco,Noussair Mazraoui,"RB, CB, RM",80,75,66,76,80,77,72
Morocco,Ayoub El Kaabi,ST,80,82,82,62,75,46,77
Morocco,Ismael Saibari,"CM, CAM",79,76,68,72,78,48,68
Morocco,Sofyan Amrabat,"CDM, CM, CB",78,61,70,73,74,75,82
Morocco,Hakim Ziyech,"CAM,LW",78,74,72,80,78,38,62
Morocco,Soufiane Rahimi,"LM, LW, ST",78,85,76,72,77,38,66
Morocco,Neil El Aynaoui,"CM, CDM",77,62,63,76,74,73,75
Morocco,Abdessamad Ezzalzouli,"LM, LW",77,87,69,70,81,29,63
Morocco,Azzedine Ounahi,"CM, CAM",76,64,66,73,77,63,67
Morocco,Bilal El Khannous,"CM,CAM",76,76,64,74,72,50,66
Morocco,Issa Diop,CB,76,72,42,60,56,76,78
Morocco,Zakaria El Ouahdi,"RB, RM, RW",76,73,66,70,77,69,71
Morocco,Munir El Kajoui,GK,74,50,11,42,44,11,70
Morocco,Ayoub Bouaddi,"CM,CAM",73,72,60,70,66,54,64
Morocco,Chemsdine Talbi,"RM, LM, RW",73,90,59,64,79,47,57
Morocco,Chadi Riad,CB,72,70,40,58,62,78,78
Morocco,Youssef Belammari,"RM,LM,RW",70,78,62,66,68,34,60
Morocco,Anass Salah-Eddine,"RB,CB",70,74,46,62,60,68,68
Morocco,Yassine Gessim,"CB,LB",70,66,40,54,52,70,72
Morocco,Ahmed Reda Tagnaouti,GK,70,48,10,42,44,10,68
Morocco,Samir El Mourabet,CM,66,57,51,63,64,59,61
Morocco,Redouane Halhal,CB,63,59,30,44,48,64,65
Netherlands,Virgil van Dijk,CB,90,73,60,72,72,90,87
Netherlands,Frenkie de Jong,"CM, CDM",87,82,71,85,87,78,77
Netherlands,Tijjani Reijnders,"CM, CAM",86,78,70,78,80,62,74
Netherlands,Ryan Gravenberch,"CM, CDM",85,80,66,78,80,68,78
Netherlands,Denzel Dumfries,"RB, RM",84,86,66,68,74,70,78
Netherlands,Cody Gakpo,"LW, ST",84,84,80,76,82,36,74
Netherlands,Nathan Aké,"CB, LB",83,74,44,66,68,82,80
Netherlands,Jurriën Timber,"CB, RB",82,80,54,72,76,82,78
Netherlands,Micky van de Ven,"CB, LB, LM",82,90,49,64,72,82,80
Netherlands,Marten de Roon,"CDM, CM",81,66,56,70,66,78,78
Netherlands,Teun Koopmeiners,"CAM, CM",81,70,79,83,78,75,75
Netherlands,Memphis Depay,"ST, LW, CAM",81,79,82,79,83,30,78
Netherlands,Jan Paul van Hecke,CB,80,67,46,72,70,80,78
Netherlands,Quinten Timber,"CDM, CM",80,74,58,70,70,72,74
Netherlands,Noa Lang,"LW, CAM",80,82,72,72,82,30,66
Netherlands,Justin Kluivert,"LW, CAM",79,82,74,72,80,32,68
Netherlands,Donyell Malen,"RM, RW, LM",79,86,78,72,82,35,67
Netherlands,Bart Verbruggen,GK,78,54,12,46,48,12,74
Netherlands,Wout Weghorst,"ST, CF",78,66,74,66,64,36,84
Netherlands,Jorrel Hato,"LB, CB",78,85,41,70,74,75,73
Netherlands,Mark Flekken,GK,78,54,11,46,48,11,72
Netherlands,Mats Wieffer,"CDM, CM",78,67,66,74,74,76,78
Netherlands,Guus Til,"CM, CAM",77,72,66,70,70,56,74
Netherlands,Brian Brobbey,ST,77,82,78,62,76,28,84
Netherlands,Crysencio Summerville,"LW, RW",76,88,74,68,84,28,66
Netherlands,Robin Roefs,GK,74,52,11,44,46,11,72
New Zealand,Chris Wood,ST,77,70,76,60,62,38,76
New Zealand,Joe Bell,"CM, CDM",74,66,52,64,64,66,70
New Zealand,Liberato Cacace,LB,72,76,46,60,64,66,66
New Zealand,Marko Stamenić,"CM, CDM",71,68,54,64,66,64,68
New Zealand,Sarpreet Singh,"CM,CAM",70,72,62,68,68,44,62
New Zealand,Michael Boxall,CB,70,62,34,50,52,72,74
New Zealand,Francis de Vries,"LB, LM",69,64,53,67,62,63,83
New Zealand,Ryan Thomas,"CM, CDM",69,68,65,71,72,54,63
New Zealand,Tyler Bindon,CB,69,64,36,50,52,72,74
New Zealand,Kosta Barbarouses,"LW,RW",68,80,62,62,66,30,60
New Zealand,Max Crocombe,GK,68,44,11,40,42,11,62
New Zealand,Finn Surman,CB,68,65,33,49,55,66,78
New Zealand,Alex Rufer,"CM, CDM",67,66,50,62,62,64,68
New Zealand,Nando Pijnaker,CB,67,62,34,48,50,70,72
New Zealand,Callum McCowatt,"LW, RW",67,78,62,60,72,28,62
New Zealand,Elijah Just,"LW, ST",66,76,64,60,70,28,66
New Zealand,Ben Waine,ST,66,72,62,56,60,28,64
New Zealand,Tommy Smith,"RB,CB",66,70,44,56,56,62,64
New Zealand,Matthew Garbett,"CM, CAM",65,66,54,64,66,58,66
New Zealand,Ben Old,"LW,RW",65,76,60,60,62,28,56
New Zealand,Alex Paulsen,"RB,CB",65,70,44,56,56,62,64
New Zealand,Callan Elliot,"LW, ST",62,76,64,60,70,28,66
New Zealand,Lachlan Bayliss,ST,62,72,68,54,62,26,72
New Zealand,Tim Payne,GK,62,40,10,36,38,10,56
New Zealand,Michael Woud,GK,60,48,10,40,42,10,68
New Zealand,Jesse Randall,CM,60,64,50,62,62,60,66
Norway,Erling Haaland,ST,91,89,91,70,76,44,85
Norway,Martin Ødegaard,"CM, CAM",87,68,79,88,87,67,65
Norway,Alexander Sørloth,"ST, RW, RM",84,77,82,71,76,36,85
Norway,Fredrik Aursnes,"CM, RB, RM, CAM",80,74,71,78,80,77,82
Norway,Julian Ryerson,"RB, LB, RM",79,74,63,71,76,77,82
Norway,Sander Berge,"CDM, CM",79,72,58,70,70,72,82
Norway,Jørgen Strand Larsen,ST,78,75,79,62,70,32,83
Norway,Patrick Berg,"CDM, CM",77,73,67,75,73,71,78
Norway,Ørjan Nyland,GK,76,50,11,42,44,11,70
Norway,Antonio Nusa,"LW, RW",76,86,72,68,80,28,66
Norway,Kristian Thorstvedt,"CM, CAM",75,61,71,74,73,67,82
Norway,Andreas Schjelderup,"LW, CAM",75,80,68,68,76,32,64
Norway,Kristoffer Ajer,"CB, RB",75,74,40,60,62,76,78
Norway,Jens Petter Hauge,"LW, RW, LM",74,80,69,69,75,40,64
Norway,Fredrik Bjørkan,LB,74,74,46,60,64,66,66
Norway,David Møller Wolfe,"LB, LM",73,78,53,65,69,67,77
Norway,Leo Østigård,CB,73,70,38,54,56,76,78
Norway,Torbjørn Heggem,RB,73,72,46,58,62,66,68
Norway,Marcus Holmgren Pedersen,"RB, RM",72,89,49,68,71,64,66
Norway,Oscar Bobb,"RW, LW, RM",72,79,65,71,77,33,41
Norway,Morten Thorsby,CM,72,55,62,69,71,72,75
Norway,Sondre Langås,"CM, CDM",71,66,50,62,62,64,68
Norway,Egil Selvik,GK,70,48,10,40,42,10,68
Norway,Sander Tangvik,GK,69,74,66,58,66,26,70
Norway,Thelonious Aasgaard,"CAM, CM",68,70,60,66,68,46,64
Norway,Henrik Falchener,ST,65,68,66,52,60,26,70
Panama,Amir Murillo,RB,76,78,50,62,66,68,70
Panama,Adalberto Carrasquilla,"CM, CAM",75,66,56,64,66,50,64
Panama,César Blackman,"CDM,CM",73,68,50,66,62,66,72
Panama,Luis Mejía,GK,72,50,11,42,44,11,70
Panama,José Córdoba,CB,72,74,40,58,65,73,76
Panama,Harold Cummings,CB,72,70,42,56,54,72,74
Panama,Ismael Diaz,"ST, LW",72,76,68,58,68,26,64
Panama,Andres Andrade,"CDM, CM",71,66,52,62,62,68,70
Panama,Anibal Godoy,"CDM, CM",71,68,52,62,62,68,70
Panama,Jose Luis Rodriguez,"LW, ST",71,74,64,58,68,28,64
Panama,Jose Fajardo,"LW, ST",71,78,66,60,70,28,64
Panama,Eric Davis,"RB, CB",70,64,38,52,54,66,66
Panama,Orlando Mosquera,GK,70,48,10,40,42,10,68
Panama,Fidel Escobar,"CB, LB",70,64,36,50,52,68,68
Panama,Cecilio Waterman,"ST, RW",70,80,68,58,70,26,68
Panama,Yoel Barcenas,"LW, RW",69,76,64,60,70,28,62
Panama,Alberto Quintero,"LW, CAM",68,74,62,60,68,28,62
Panama,Tomás Rodríguez,CB,68,66,40,54,52,68,70
Panama,Roderick Miller,CB,68,66,40,52,50,66,68
Panama,Edgardo Fariña,"CB,LB",68,66,38,52,50,66,68
Panama,César Yanis,"CM,CAM",68,68,52,62,58,44,60
Panama,Jorge Gutiérrez,LB,67,68,42,54,52,64,66
Panama,César Samudio,"CB,LB",67,66,38,52,50,66,68
Panama,Gilberto Hernández,GK,66,42,10,38,40,11,60
Panama,Azarías Londoño,"LB, CB",65,64,36,50,52,66,66
Panama,Carlos Harvey,"RB, CB",65,64,38,52,54,68,68
Paraguay,Alejandro Gamarra,RB,79,74,48,58,62,68,68
Paraguay,Omar Alderete,CB,78,70,40,54,56,78,78
Paraguay,Diego Gómez,"CM, CAM",77,79,71,76,78,72,77
Paraguay,Fabián Balbuena,CB,76,68,44,60,56,76,78
Paraguay,Antonio Sanabria,ST,76,75,75,68,79,32,57
Paraguay,Gustavo Gómez,CB,76,68,46,60,56,76,78
Paraguay,Miguel Almirón,"CAM, CM",76,84,72,74,80,50,70
Paraguay,Ramón Sosa,"RW,LW",75,82,68,68,72,36,62
Paraguay,Gabriel Ávalos,ST,75,72,74,58,66,28,74
Paraguay,Álex Arce,ST,75,59,79,50,70,23,64
Paraguay,Júnior Alonso,CB,74,70,44,60,56,74,76
Paraguay,Andrés Cubas,"CDM, CM",74,70,56,66,66,72,74
Paraguay,Maurício,"CB,CDM",74,70,44,60,56,72,74
Paraguay,Julio Enciso,"CAM, LW",73,78,72,70,78,36,64
Paraguay,Juan Caceres,CB,73,68,42,58,54,72,74
Paraguay,Gustavo Velázquez,GK,73,48,10,40,42,10,68
Paraguay,Damián Bobadilla,"CM,CDM",72,70,52,66,62,64,70
Paraguay,Santiago Arzamendia,LB,72,74,46,62,60,68,68
Paraguay,Gustavo Caballero,"CDM,CM",70,66,48,64,60,66,70
Paraguay,Braian Ojeda,"CM, CDM",70,70,56,68,70,68,70
Paraguay,Matías Galarza,"CM, CDM",70,71,64,68,72,65,73
Paraguay,Roberto Fernández,GK,70,71,66,64,71,44,69
Paraguay,José Canale,"LB, CB",69,64,36,50,54,68,68
Paraguay,Isidro Pitta,ST,68,74,64,56,60,28,66
Paraguay,Orlando Gill,GK,65,48,10,40,42,10,66
Paraguay,Alexandro Maidana,CB,58,62,34,48,50,70,72
Portugal,Bruno Fernandes,"CAM, CM",89,74,82,85,82,50,72
Portugal,Vitinha,"CM, CDM",89,70,66,84,82,64,68
Portugal,Rúben Dias,CB,86,72,44,68,66,90,82
Portugal,Nuno Mendes,LB,86,88,56,72,78,70,72
Portugal,João Neves,"CDM, CM",85,74,60,80,80,74,70
Portugal,Cristiano Ronaldo,"ST, LW",85,84,93,82,86,30,82
Portugal,Rúben Neves,"CDM, CM",84,66,68,82,74,72,76
Portugal,João Cancelo,"RB, LB",84,84,62,80,82,74,72
Portugal,Rafael Leão,"LW, ST",84,90,78,74,86,28,72
Portugal,Diogo Costa,GK,84,58,13,52,54,13,76
Portugal,Francisco Trincão,"RW, LW",82,84,72,70,80,30,66
Portugal,Gonçalo Inácio,"CB, LB",81,74,40,62,62,82,78
Portugal,Rui Silva,GK,81,52,11,44,46,11,70
Portugal,Bernardo Silva,"CAM, RW",80,80,78,87,87,58,72
Portugal,Gonçalo Ramos,ST,80,76,84,72,76,30,78
Portugal,Pedro Neto,"LW, RW",80,88,74,74,84,32,66
Portugal,João Félix,"CAM, LW",79,80,80,78,84,40,68
Portugal,Diogo Dalot,"RB, LB",79,80,58,70,74,72,74
Portugal,Francisco Conceição,"RW, LW",79,86,74,70,80,32,66
Portugal,Matheus Nunes,"CM, CDM",79,85,70,76,79,73,76
Portugal,Tomás Araújo,CB,78,74,38,56,58,78,76
Portugal,Samuel Costa,"CDM, CM",78,64,48,60,62,64,66
Portugal,Nélson Semedo,RB,77,84,54,68,72,72,74
Portugal,José Sá,GK,77,54,12,46,48,12,72
Portugal,Renato Veiga,"CB, CDM",76,74,40,60,62,78,76
Portugal,Gonçalo Guedes,"LW, RW",75,82,72,68,78,32,68
Qatar,Akram Afif,"LW, CAM",78,85,76,74,84,32,66
Qatar,Edmilson Júnior,"CAM, LW",76,78,68,72,78,36,64
Qatar,Almoez Ali,"ST, CF",74,80,78,64,74,30,72
Qatar,Hassan Al-Haydos,"CAM,RM",74,74,66,72,70,46,64
Qatar,Pedro Miguel,LB,72,77,58,66,69,71,75
Qatar,Karim Boudiaf,"CM, CDM",71,50,62,71,69,67,74
Qatar,Boualem Khoukhi,"CB, CDM",71,60,60,57,54,71,76
Qatar,Abdulaziz Hatem,"CAM, CM",70,72,66,70,74,42,66
Qatar,Lucas Mendes,"CB, LB",70,66,36,52,56,74,72
Qatar,Ahmed Alaaeldin,"CM,CAM",70,70,58,66,64,48,62
Qatar,Meshaal Barsham,GK,70,52,11,44,46,11,72
Qatar,Homam Ahmed,"CM, CDM",68,70,54,64,66,68,70
Qatar,Sultan Al-Brake,"CDM,CM",68,64,46,62,58,64,68
Qatar,Ahmed Fathi,RB,68,68,44,56,60,66,66
Qatar,Ahmed Al-Janehi,"RW,LW",67,72,58,62,62,30,58
Qatar,Tahsin Mohammed,"CDM,CM",67,64,46,62,58,64,68
Qatar,Mahmoud Abunada,GK,66,44,11,40,42,11,60
Qatar,Issa Laye,"RB,CB",66,68,42,54,54,64,66
Qatar,Mohammed Muntari,ST,66,63,66,48,60,27,69
Qatar,Al-Hashmi Al-Hussain,"CM,CDM",66,62,44,60,56,62,66
Qatar,Ali Al-Jassim,"CM,CDM",65,62,44,58,54,60,64
Qatar,Yusuf Abdurisag,"RW, ST, RM",65,82,56,57,68,30,51
Qatar,Assim Madibo,"CDM, CM",65,70,52,64,66,72,74
Qatar,Salah Zakaria,CB,64,60,34,48,50,70,72
Qatar,Mohammed Mannai,CB,64,62,36,50,48,64,66
Qatar,Jassem Gaber,RB,63,70,46,58,62,68,68
Saudi Arabia,Salem Al-Dawsari,"LW, CAM",79,82,76,78,80,58,69
Saudi Arabia,Saud Abdulhamid,RB,75,88,57,68,73,72,74
Saudi Arabia,Mohamed Al-Owais,GK,74,48,12,44,46,13,68
Saudi Arabia,Abdulelah Al-Amri,"CDM, CM",72,71,38,58,63,74,77
Saudi Arabia,Hassan Tambakti,CB,72,68,38,52,54,74,78
Saudi Arabia,Feras Al-Brikan,"ST, LW",72,75,71,61,70,32,73
Saudi Arabia,Mohamed Kanno,"CDM, CM",72,70,56,66,66,72,72
Saudi Arabia,Abdullah Al-Khaibari,"CM, CAM",71,68,56,68,69,72,78
Saudi Arabia,Hassan Kadesh,"RW, LW",71,76,62,60,72,30,64
Saudi Arabia,Nasser Al-Dawsari,"LW, RW",70,73,60,69,71,68,74
Saudi Arabia,Ali Majrashi,"RB, RM",70,86,44,52,64,63,74
Saudi Arabia,Moteb Al-Harbi,"RW, LW",70,82,50,64,69,68,72
Saudi Arabia,Ali Al-Lajami,CB,70,67,35,52,60,72,76
Saudi Arabia,Nawaf Al-Aqidi,CB,70,71,66,68,70,35,70
Saudi Arabia,Abdullah Al-Hamdan,"ST,LW",70,72,64,60,62,30,64
Saudi Arabia,Saleh Al-Shehri,ST,69,65,70,60,67,31,72
Saudi Arabia,Khalid Al-Ghannam,"CM,CDM",69,64,46,62,58,62,68
Saudi Arabia,Mohammed Abu Alshamat,"ST, LW",68,76,48,62,67,67,70
Saudi Arabia,Musab Al-Juwayr,"LW, RW",68,72,61,69,72,58,65
Saudi Arabia,Ayman Yahya,LB,68,72,44,58,62,66,68
Saudi Arabia,Alaa Al-Hejji,CB,68,64,38,52,50,68,70
Saudi Arabia,Ziyad Al-Johani,LB,67,69,58,67,70,64,68
Saudi Arabia,Sultan Mandash,"LB, RB",67,70,44,58,60,66,66
Saudi Arabia,Ahmed Alkassar,"CM, CDM",67,68,64,66,69,35,68
Saudi Arabia,Nawaf Boushal,"CM, CDM",67,68,52,64,64,66,68
Saudi Arabia,Jehad Thakri,"RW, LW",66,74,60,58,68,28,62
Scotland,Scott McTominay,"CM, CDM",85,72,68,72,70,74,84
Scotland,Andrew Robertson,LB,82,80,62,82,80,76,76
Scotland,John McGinn,"LM, RM, CAM, LB",81,69,77,78,80,77,83
Scotland,Ryan Christie,"CDM, CM, CAM",79,69,70,77,78,74,76
Scotland,Lewis Ferguson,"CM, CDM, CAM",78,72,78,74,78,72,75
Scotland,Che Adams,"ST, CF",77,80,74,64,74,32,74
Scotland,Kieran Tierney,"LB, LM",77,76,60,75,76,75,73
Scotland,Scott McKenna,CB,75,68,38,54,54,76,80
Scotland,Kenny McLean,"CM,CDM",74,68,52,70,66,66,72
Scotland,Jack Hendry,CB,74,66,36,52,54,74,76
Scotland,Aaron Hickey,"RB, LB",74,82,60,68,72,74,72
Scotland,John Souttar,CB,73,73,48,63,70,72,77
Scotland,Lawrence Shankland,"ST, CAM",73,63,75,66,72,28,80
Scotland,Craig Gordon,GK,73,74,71,72,73,38,72
Scotland,George Hirst,ST,72,68,68,54,62,28,78
Scotland,Angus Gunn,GK,72,50,11,44,46,11,72
Scotland,Anthony Ralston,"RB, RM",71,76,59,69,70,64,78
Scotland,Ross Stewart,ST,71,70,72,54,62,28,80
Scotland,Liam Kelly,"CM, CDM",71,72,69,68,72,35,70
Scotland,Nathan Patterson,RB,71,78,52,62,66,70,72
Scotland,Dominic Hyam,CB,71,62,34,48,50,70,74
Scotland,Ben Doak,"RW, LW",71,86,68,64,80,28,64
Scotland,Grant Hanley,CB,70,60,36,52,52,74,80
Scotland,Jordan Jones,"LW,RW",68,76,58,62,66,32,58
Scotland,Lyndon Dykes,ST,68,72,70,58,64,30,82
Scotland,Findlay Curtis,"LW, RW, LM",63,63,53,61,66,34,44
Senegal,Sadio Mané,"LM, RM, ST, LW",83,82,81,78,85,44,75
Senegal,Kalidou Koulibaly,CB,82,74,48,62,65,82,84
Senegal,Nicolas Jackson,ST,80,82,77,69,79,40,77
Senegal,Édouard Mendy,GK,80,54,12,46,48,12,74
Senegal,Pape Matar Sarr,"CM, CDM",79,68,66,76,78,77,76
Senegal,Ismaïla Sarr,"CAM, RW, CM",79,91,78,76,78,28,69
Senegal,Iliman Ndiaye,"LW, CAM",79,80,70,70,78,34,66
Senegal,Idrissa Gana Gueye,"CDM, CM",79,60,59,70,73,80,70
Senegal,Yehvann Diouf,GK,78,50,11,42,44,11,70
Senegal,Lamine Camara,"CM, CDM",77,79,66,78,77,71,69
Senegal,Pathé Ciss,"CDM, CM",77,72,56,66,66,72,74
Senegal,Habib Diarra,"CM, CDM",77,72,58,68,70,66,70
Senegal,Moussa Niakhaté,CB,77,68,48,63,64,77,80
Senegal,Pape Gueye,"CDM, CM",76,73,66,73,75,74,80
Senegal,Assane Diao,"LW, RW",76,84,70,66,78,28,66
Senegal,El Hadji Malick Diouf,"LB, LM",75,80,67,68,74,70,77
Senegal,Ismail Jakobs,"LB, LW",75,82,52,64,68,66,68
Senegal,Krepin Diatta,"RM, RW",74,88,69,67,76,57,67
Senegal,Abdoulaye Seck,CB,73,68,42,58,56,72,74
Senegal,Mamadou Sarr,CB,72,68,40,56,54,72,74
Senegal,Bamba Dieng,"ST, LW",71,82,74,60,72,28,72
Senegal,Ibrahim Mbaye,"LB,LW",71,74,50,64,62,66,68
Senegal,Cherif Ndiaye,ST,70,70,68,54,62,26,72
Senegal,Antoine Mendy,"CB, RB, RM",70,64,41,55,63,71,72
Senegal,Mory Diaw,GK,70,46,10,38,40,10,66
Senegal,Bara Ndiaye,GK,68,44,11,40,42,11,62
South Africa,Ronwen Williams,GK,77,50,11,44,46,11,70
South Africa,Teboho Mokoena,"CM, CDM",74,72,64,70,72,68,74
South Africa,Aubrey Modiba,"LB, LW",73,80,58,62,72,64,68
South Africa,Lyle Foster,ST,72,78,76,62,74,30,74
South Africa,Khuliso Mudau,RB,72,78,52,60,66,68,70
South Africa,Themba Zwane,"CAM, LW",72,80,68,70,80,32,64
South Africa,Bongokuhle Hlongwane,"LW, ST",71,82,70,60,76,28,66
South Africa,Oswin Appollis,"LW, RW",71,84,66,60,78,28,62
South Africa,Relebohile Mofokeng,"LW,RW",71,82,64,64,70,30,60
South Africa,Iqraam Rayners,"ST,LW",71,76,68,62,66,30,64
South Africa,Thalente Mbatha,"CM,CDM",70,68,52,66,62,62,68
South Africa,Nkosinathi Sibisi,CB,70,66,38,54,52,70,72
South Africa,Patrick Maswanganyi,"CAM, LW",70,78,64,66,76,32,62
South Africa,Evidence Makgopa,ST,70,74,66,60,62,28,66
South Africa,Darren Keet,GK,69,46,11,42,44,12,63
South Africa,Jayden Adams,"CM,CAM",68,70,54,64,62,48,62
South Africa,Thabang Matuludi,"CB,RB",68,68,42,54,52,66,68
South Africa,Ricardo Goss,GK,67,44,11,40,42,11,61
South Africa,Ime Okon,CB,67,77,30,44,59,68,70
South Africa,Bradley Cross,LB,66,68,42,56,54,64,66
South Africa,Mbekezeli Mbokazi,CB,66,62,36,50,48,66,68
South Africa,Kamogelo Sebelebele,"CM,CAM",66,68,52,62,58,46,60
South Africa,Sipho Chaine,GK,65,42,10,38,40,10,59
South Africa,Samukele Kabini,"RB,CB",65,68,42,52,50,62,64
South Africa,Sphephelo Sithole,"CDM, CM",65,64,53,59,61,64,74
South Africa,Olwethu Makhanya,CB,57,74,32,42,44,56,64
South Korea,Son Heung-min,"LW, ST",85,89,87,82,88,38,74
South Korea,Kim Min-jae,CB,84,78,35,63,69,86,84
South Korea,Lee Kang-in,"CAM, CM",79,68,70,76,80,38,62
South Korea,Hwang In-beom,"CM, CDM",77,72,62,72,74,66,72
South Korea,Lee Jae-sung,"CAM, CM",77,72,64,72,74,50,70
South Korea,Lee Dong-gyeong,"CM, CAM",75,72,62,70,72,50,68
South Korea,Hwang Hee-chan,"ST, LW",75,86,78,68,80,30,72
South Korea,Jo Hyeon-woo,GK,75,50,11,44,46,11,70
South Korea,Kim Seung-gyu,GK,74,48,12,44,46,12,68
South Korea,Song Bum-keun,LB,74,74,46,58,62,70,68
South Korea,Paik Seung-ho,"CM, CDM",72,68,58,70,70,66,70
South Korea,Bae Jun-ho,"CM, CDM",71,70,56,68,68,64,70
South Korea,Park Jin-seob,CB,71,62,36,48,50,72,74
South Korea,Seol Young-woo,"CDM,CM",71,68,50,66,62,64,70
South Korea,Eom Ji-sung,"LW, CAM",71,78,62,62,74,34,64
South Korea,Kim Jin-gyu,CB,71,62,36,48,52,72,74
South Korea,Oh Hyeon-gyu,ST,71,76,78,60,72,28,74
South Korea,Cho Wi-je,"LW,CAM",70,74,62,66,66,36,60
South Korea,Yang Hyun-jun,"LW, ST",70,84,72,64,78,30,68
South Korea,Jens Castrop,"CM, CAM",70,80,54,67,74,62,69
South Korea,Cho Gue-sung,ST,70,74,78,60,70,32,80
South Korea,Lee Gi-hyuk,CB,70,68,40,54,52,70,72
South Korea,Kim Moon-hwan,RB,69,74,48,60,62,68,68
South Korea,Lee Tae-seok,CB,69,64,38,50,52,74,76
South Korea,Lee Han-beom,GK,69,48,10,40,42,10,68
South Korea,Kim Tae-hyeon,GK,67,50,11,42,44,11,72
Spain,Rodrigo Hernández Cascante,"CDM, CM",90,65,80,86,84,86,85
Spain,Lamine Yamal,"RW, LW",89,88,82,82,90,34,64
Spain,Pedri,"CM, CAM",89,77,73,85,91,78,77
Spain,David Raya,GK,87,56,12,50,52,12,74
Spain,Nico Williams,"LW, RW",86,93,76,80,87,36,66
Spain,Unai Simón,GK,85,52,11,48,50,11,74
Spain,Fabián Ruiz,"CM, CAM",85,66,70,82,76,56,72
Spain,Dani Olmo,"CAM, CM",85,73,79,83,87,50,56
Spain,Marcos Llorente,"CM, RB",84,86,68,76,78,70,76
Spain,Alejandro Grimaldo,"LB, LW",84,84,68,78,80,72,70
Spain,Gavi,"CM, CDM",84,78,69,82,86,78,73
Spain,Marc Cucurella,"LB, CB",84,76,46,68,70,76,72
Spain,Alex Baena,"LW, CAM",84,66,79,85,85,59,60
Spain,Joan García,GK,83,54,11,44,46,11,74
Spain,Martín Zubimendi,"CDM, CM",83,66,56,78,74,80,74
Spain,Ferran Torres,"LW, RW",83,84,78,74,80,36,70
Spain,Mikel Merino,"CM, CDM",83,72,62,74,72,74,80
Spain,Pedro Porro,RB,82,84,60,70,74,70,72
Spain,Aymeric Laporte,CB,82,68,40,70,68,84,76
Spain,Mikel Oyarzabal,"LW, ST",82,74,82,78,80,40,72
Spain,Pau Cubarsí,CB,82,72,38,68,66,82,76
Spain,Borja Iglesias,ST,80,66,76,64,68,34,82
Spain,Yeremy Pino,"RW, LW",80,84,74,70,80,34,68
Spain,Éric García,"CB, CDM",79,62,38,66,64,76,72
Spain,Marc Pubill,RB,73,78,52,62,66,70,72
Spain,Víctor Muñoz,"CDM, CM",65,66,52,64,64,68,72
Sweden,Alexander Isak,ST,88,83,89,73,85,39,76
Sweden,Viktor Gyökeres,ST,87,78,86,70,76,30,82
Sweden,Anthony Elanga,"RW, LW",81,87,70,66,80,28,70
Sweden,Carl Starfelt,CB,78,70,38,54,56,76,76
Sweden,Isak Hien,CB,78,74,40,56,58,80,80
Sweden,Gabriel Gudmundsson,"LB, LM, CB",77,87,64,71,75,70,75
Sweden,Daniel Svensson,"LB, CM, LM",77,77,56,75,76,73,74
Sweden,Lucas Bergvall,"CM, CDM",77,72,60,74,74,64,68
Sweden,Mattias Svanberg,"CM, CDM",76,70,58,68,68,64,72
Sweden,Yasin Ayari,"CM, CAM",75,72,64,70,74,50,66
Sweden,Victor Nilsson Lindelöf,CB,75,70,38,64,62,80,78
Sweden,Eric Smith,"CDM, CM",75,68,52,64,64,68,70
Sweden,Gustaf Nilsson,ST,75,70,70,56,64,28,74
Sweden,Jesper Karlström,"CDM, CM",75,64,57,72,71,71,78
Sweden,Viktor Johansson,GK,74,50,11,44,46,11,70
Sweden,Benjamin Nygren,"RW, ST",73,78,70,64,74,28,68
Sweden,Kristoffer Nordfeldt,GK,72,48,10,42,44,10,68
Sweden,Besfort Zeneli,CM,72,71,65,68,70,56,67
Sweden,Alexander Bernhardsson,"LW, CAM",72,78,68,66,74,32,64
Sweden,Hjalmar Ekdal,CB,72,53,33,53,63,72,76
Sweden,Elliot Stroud,"LB, LM",71,79,65,64,67,65,73
Sweden,Gustaf Lagerbielke,CB,71,68,38,52,54,76,76
Sweden,Jacob Zetterström,GK,71,50,11,44,46,11,72
Sweden,Herman Johansson,"RB, RM",70,83,54,60,64,63,75
Sweden,Ken Sema,"LW, LB",70,76,58,64,70,54,66
Sweden,Taha Ali,"LW, RW",68,80,62,60,72,28,62
Switzerland,Gregor Kobel,GK,86,54,12,46,48,12,74
Switzerland,Granit Xhaka,"CDM, CM",85,47,75,85,74,78,82
Switzerland,Manuel Akanji,CB,82,74,42,66,68,84,80
Switzerland,Denis Zakaria,"CDM, CM",82,78,60,70,72,76,82
Switzerland,Remo Freuler,"CM, CDM",81,74,62,76,74,72,74
Switzerland,Dan Ndoye,"RW, LW",79,87,72,66,80,32,72
Switzerland,Nico Elvedi,CB,77,70,39,63,65,78,76
Switzerland,Ardon Jashari,"CDM, CM",77,75,67,75,73,72,82
Switzerland,Ricardo Rodríguez,LB,77,68,65,76,74,76,75
Switzerland,Breel Embolo,"ST, CF",77,82,78,68,78,34,82
Switzerland,Djibril Sow,"CM, CDM",76,74,60,70,72,68,76
Switzerland,Noah Okafor,"ST, LW",76,86,78,68,82,30,74
Switzerland,Yvon Mvogo,GK,76,52,11,44,46,11,72
Switzerland,Rubén Vargas,"LW, CAM",75,82,72,68,78,32,66
Switzerland,Miro Muheim,LB,75,74,48,62,66,68,68
Switzerland,Zeki Amdouni,"ST, CF",75,80,78,68,76,30,76
Switzerland,Michel Aebischer,"CM, CDM",74,66,67,72,75,74,70
Switzerland,Fabian Rieder,"CAM, CM, RM",74,74,69,71,75,51,62
Switzerland,Marvin Keller,GK,72,46,10,40,42,10,66
Switzerland,Christian Fassnacht,"RM, LM, ST, RW",72,76,67,68,72,36,69
Switzerland,Eray Cömert,CB,72,66,36,52,54,76,74
Switzerland,Silvan Widmer,RB,72,76,54,66,70,72,72
Switzerland,Aurèle Amenda,CB,71,70,38,52,54,76,76
Switzerland,Cédric Itten,ST,70,72,72,58,68,28,78
Switzerland,Luca Jaquez,"CB, LB",69,68,38,52,54,74,72
Switzerland,Johan Manzambi,"CAM, CM, CDM, ST",67,75,61,59,72,56,62
Tunisia,Ellyes Skhiri,"CDM, CM",80,72,60,72,70,74,74
Tunisia,Ali Abdi,"LB, LM",76,86,62,70,73,69,75
Tunisia,Rani Khedira,"CDM,CM",74,68,54,68,66,70,74
Tunisia,Hannibal Mejbri,"CM, CAM",74,76,63,73,76,68,82
Tunisia,Montassar Talbi,CB,73,68,38,52,54,74,76
Tunisia,Ismaël Gharbi,"CAM, LW",73,76,66,70,76,36,62
Tunisia,Hamza Rafia,"CM,CAM",72,72,62,68,66,46,62
Tunisia,Elias Achouri,"CDM, CM",72,70,56,66,66,68,70
Tunisia,Aymen Dahmen,GK,72,48,12,44,46,12,66
Tunisia,Omar Rekik,CB,72,70,42,58,56,72,74
Tunisia,Elias Saad,"LW, LM, CAM",72,74,67,67,77,31,59
Tunisia,Yan Valery,"RB, CB, LB, RM",71,62,52,63,68,70,74
Tunisia,Khalil Ayari,"CM,CDM",70,66,48,64,60,62,68
Tunisia,Sebastian Tounekti,"LM, LW",69,78,62,62,70,24,63
Tunisia,Mortadha Ben Ouanes,"LB, RM, LM, RW",69,72,60,68,68,66,65
Tunisia,Rayan Elloumi,"LW,CAM",68,72,60,64,64,36,58
Tunisia,Hazem Mastouri,"RW,LW",68,74,62,62,64,32,58
Tunisia,Dylan Bronn,CB,68,70,38,54,56,76,78
Tunisia,Firas Chaouat,"CB,LB",68,66,38,54,52,68,70
Tunisia,Anis Ben Slimane,"CM, CAM",67,65,61,62,68,58,75
Tunisia,Raed Chikhaoui,"CM,CAM",67,68,56,64,62,44,60
Tunisia,Sabri Ben Hessen,ST,67,72,62,58,60,28,62
Tunisia,Mohamed Amine Ben Hamida,RB,66,70,44,56,56,62,64
Tunisia,Abdelmouhib Chamakh,GK,65,42,10,38,40,11,59
Tunisia,Moutaz Neffati,"RB, RM, RW",63,68,53,58,61,59,57
Tunisia,Adem Arous,CB,59,61,32,32,38,62,61
Turkey,Hakan Çalhanoğlu,"CDM, CM",86,71,81,87,82,81,73
Turkey,Orkun Kökçü,"CM, CAM, CDM",82,72,80,84,80,70,79
Turkey,Arda Güler,"RM, CAM, RW",81,70,77,83,83,52,50
Turkey,Abdülkerim Bardakcı,"CB, LB, LM",80,59,46,70,69,81,85
Turkey,Barış Alper Yılmaz,"LM, RM, LW",80,93,77,72,79,69,90
Turkey,Kerem Aktürkoğlu,"LW, RW",80,86,74,70,82,30,68
Turkey,Uğurcan Çakır,GK,80,52,11,44,46,11,72
Turkey,Ferdi Kadıoğlu,"LB, LW",79,82,58,70,74,72,72
Turkey,Kenan Yıldız,"CAM, LM, LW, CM",79,84,78,74,83,35,66
Turkey,Mert Günok,GK,78,50,11,44,46,11,70
Turkey,İrfan Can Kahveci,"RW, CAM, CM, RM",78,73,77,81,80,58,67
Turkey,Merih Demiral,CB,78,73,39,49,61,79,81
Turkey,Yunus Akgün,"RM, LM, CAM, RW",78,87,78,74,81,40,61
Turkey,Oğuz Aydın,"LW, RW, RM, LM",77,85,72,71,78,56,67
Turkey,Çağlar Söyüncü,CB,77,69,47,58,65,77,80
Turkey,İsmail Yüksek,"CDM, CM",77,74,59,70,73,74,78
Turkey,Kaan Ayhan,"RB, CB, CDM",76,57,62,77,69,78,77
Turkey,Zeki Çelik,RB,76,80,54,64,68,72,74
Turkey,Ozan Kabak,CB,75,70,38,56,58,78,78
Turkey,Altay Bayındır,GK,75,54,11,44,46,11,74
Turkey,Eren Elmalı,LB,75,72,44,58,62,66,68
Turkey,Salih Özcan,"CDM, CM, CB",75,70,59,68,73,75,79
Turkey,Can Uzun,"CAM, LW",74,76,72,68,76,32,64
Turkey,Mert Müldür,"RB, LB, CB, RM",74,76,54,65,73,71,75
Turkey,Samet Akaydın,CB,70,55,37,43,48,70,76
Turkey,Deniz Gül,ST,66,69,64,58,67,28,66
United States,Christian Pulisic,"LW, CAM",84,84,80,78,84,36,70
United States,Antonee Robinson,"LB, LM",82,88,46,75,77,78,80
United States,Malik Tillman,"CAM, CM",82,76,70,70,76,38,66
United States,Sergino Dest,"RB, LB",79,86,58,70,76,68,66
United States,Tyler Adams,"CDM, CM",79,76,56,74,76,78,76
United States,Weston McKennie,"CM, CDM",78,78,68,72,72,72,80
United States,Matt Turner,GK,77,50,13,46,48,13,71
United States,Timothy Weah,"RW, LW",77,84,70,66,76,32,70
United States,Folarin Balogun,ST,77,76,76,64,72,26,72
United States,Ricardo Pepi,ST,76,74,76,62,68,28,74
United States,Chris Richards,CB,76,74,46,62,60,76,76
United States,Alejandro Zendejas,"LW, RW",76,82,68,62,76,28,66
United States,Giovanni Reyna,"CAM, LW",75,78,70,76,80,38,64
United States,Cristian Roldan,"CDM, RM, CM, RW",74,77,64,69,73,71,79
United States,Mark McKenzie,CB,74,70,38,54,56,74,76
United States,Brenden Aaronson,"CAM, CM",74,80,68,72,78,46,70
United States,Auston Trusty,CB,74,68,38,54,56,74,76
United States,Miles Robinson,CB,73,72,38,54,56,76,78
United States,Tim Ream,CB,73,68,42,58,56,72,74
United States,Haji Wright,ST,73,76,74,60,68,28,76
United States,Joe Scally,"RB,CB",72,74,48,62,62,68,68
United States,Maximilian Arfsten,CB,70,70,42,56,56,70,72
United States,Matt Freese,GK,70,46,11,42,44,11,64
United States,Chris Brady,GK,68,44,11,40,42,11,62
United States,Alex Freeman,"CM,RM,CDM,RW",68,72,56,64,62,52,62
United States,Sebastian Berhalter,"CM, RM, CDM, RW",67,71,54,66,67,65,71
Uruguay,Federico Santiago Valverde Dipetta,"CM, CDM, RB",89,88,84,84,84,83,85
Uruguay,José María Giménez,CB,83,72,50,67,68,85,84
Uruguay,Ronald Araújo,"CB, RB",83,82,52,58,64,86,84
Uruguay,Giorgian de Arrascaeta,"CAM, LW",82,76,74,76,80,36,64
Uruguay,Nicolás de la Cruz,"CAM, CM",81,74,68,74,78,46,64
Uruguay,Sergio Rochet,GK,80,52,11,44,46,11,72
Uruguay,Rodrigo Bentancur,"CM, CDM",80,72,60,76,76,70,76
Uruguay,Fernando Muslera,GK,79,46,11,42,44,11,68
Uruguay,Manuel Ugarte,CDM,79,76,52,72,72,82,80
Uruguay,Joaquín Piquerez,LB,79,78,48,62,66,70,70
Uruguay,Rodrigo Zalazar,"CM, CAM",79,72,64,70,72,50,68
Uruguay,Darwin Núñez,"ST, LW",79,91,84,70,80,28,80
Uruguay,Emiliano Martínez,GK,78,56,13,50,52,13,76
Uruguay,Mathías Olivera,LB,78,80,52,66,70,72,72
Uruguay,Santiago Mele,GK,77,50,11,42,44,11,70
Uruguay,Matías Viña,LB,77,76,52,68,66,70,70
Uruguay,Rodrigo Aguirre,"ST, LW",77,78,72,60,72,28,68
Uruguay,Maximiliano Araújo,"LW, RW",77,86,72,66,80,30,66
Uruguay,Sebastián Cáceres,CB,77,68,38,52,54,76,76
Uruguay,Agustín Canobbio,"LW, RW",76,80,68,64,74,30,66
Uruguay,Santiago Bueno,CB,76,72,38,54,56,78,78
Uruguay,Brian Rodríguez,"LW, RW",76,82,66,60,74,28,66
Uruguay,Juan Manuel Sanabria,"ST, CF",75,72,68,56,66,28,72
Uruguay,Guillermo Varela,RB,75,74,48,60,64,66,68
Uruguay,Facundo Pellistri,"RW, LW",73,86,68,66,78,32,68
Uruguay,Federico Viñas,ST,72,68,70,54,62,26,74
Uzbekistan,Abdukodir Khusanov,CB,77,85,39,59,64,77,76
Uzbekistan,Eldor Shomurodov,"ST, CAM",74,79,71,64,75,40,66
Uzbekistan,Jaloliddin Masharipov,"CAM, LW",73,74,64,66,72,34,62
Uzbekistan,Oston Urunov,"CM,CAM",72,70,60,68,66,50,62
Uzbekistan,Otabek Shukurov,"CDM, CM",71,68,52,62,62,66,68
Uzbekistan,Rustamjon Ashurmatov,"CB,RB",71,70,44,58,56,70,72
Uzbekistan,Sherzod Nasrullaev,"LW,CAM",70,76,62,66,68,36,60
Uzbekistan,Farrukh Sayfiev,"CB,RB",70,68,42,56,54,70,72
Uzbekistan,Khojiakbar Alijonov,CB,70,66,40,54,52,70,72
Uzbekistan,Akmal Mozgovoy,"LB,LM",69,72,46,60,58,66,68
Uzbekistan,Umarbek Eshmuradov,"LW,ST",69,74,62,62,64,30,62
Uzbekistan,Dostonbek Khamdamov,"CM,CDM",69,64,48,62,58,62,66
Uzbekistan,Azizbek Ganiev,"CM,CDM",68,64,46,62,58,62,66
Uzbekistan,Jamshid Iskanderov,"RB,RM",68,72,46,58,58,64,66
Uzbekistan,Azizbek Amonov,"RW,RM",68,74,60,62,62,32,58
Uzbekistan,Odiljon Hamrobekov,"CDM,CM",68,64,46,62,58,64,68
Uzbekistan,Abdulla Abdullaev,"RW,LW",68,74,60,62,64,32,58
Uzbekistan,Avazbek Ulmasaliev,"ST,LW",68,72,62,58,60,28,62
Uzbekistan,Abduvohid Nematov,"CM,CDM",68,64,46,62,58,62,66
Uzbekistan,Utkir Yusupov,GK,68,44,11,40,42,11,62
Uzbekistan,Jasur Yakhshiboev,"LW,ST",68,74,62,62,64,30,62
Uzbekistan,Jakhongir Urozov,"CM,CDM",67,62,44,60,56,62,66
Uzbekistan,Bekhruz Karimov,LB,67,68,42,54,52,64,66
Uzbekistan,Sherzod Esanov,CB,67,64,38,52,50,66,68
Uzbekistan,Igor Sergeev,GK,66,42,10,38,40,10,60
Uzbekistan,Abbosbek Fayzullaev,"CAM, CM",65,65,62,67,66,48,53
